BEGIN;
SET LOCAL SYNCHRONOUS_COMMIT TO OFF;

INSERT INTO panels (panel_name, sec_id, graphable, created_by) VALUES ('Respiratory', 4, false, 0);
INSERT INTO panels (panel_name, sec_id, graphable, created_by) VALUES ('Hematology', 4, false, 0);
INSERT INTO panels (panel_name, sec_id, graphable, created_by) VALUES ('Glucose', 4, false, 0);
INSERT INTO panels (panel_name, sec_id, graphable, created_by) VALUES ('Chem Panel (Ser/Plas/Bld)', 4, false, 0);
INSERT INTO panels (panel_name, sec_id, graphable, created_by) VALUES ('Chem: Others', 4, false, 0);
INSERT INTO panels (panel_name, sec_id, graphable, created_by) VALUES ('CSF', 4, false, 0);
INSERT INTO panels (panel_name, sec_id, graphable, created_by) VALUES ('Coagulation', 4, false, 0);
INSERT INTO panels (panel_name, sec_id, graphable, created_by) VALUES ('Gas Panel', 4, false, 0);
INSERT INTO panels (panel_name, sec_id, graphable, created_by) VALUES ('Endocrine', 4, false, 0);
INSERT INTO panels (panel_name, sec_id, graphable, created_by) VALUES ('Lipids', 4, false, 0);
INSERT INTO panels (panel_name, sec_id, graphable, created_by) VALUES ('Liver', 4, false, 0);
INSERT INTO panels (panel_name, sec_id, graphable, created_by) VALUES ('Renal', 4, false, 0);
INSERT INTO panels (panel_name, sec_id, graphable, created_by) VALUES ('Thyroid', 4, false, 0);
INSERT INTO panels (panel_name, sec_id, graphable, created_by) VALUES ('Urine', 4, false, 0);
INSERT INTO panels (panel_name, sec_id, graphable, created_by) VALUES ('Pancreatic', 4, false, 0);
INSERT INTO panels (panel_name, sec_id, graphable, created_by) VALUES ('Cervical / Vaginal', 4, false, 0);
INSERT INTO panels (panel_name, sec_id, graphable, created_by) VALUES ('Skin Tests', 4, false, 0);
INSERT INTO panels (panel_name, sec_id, graphable, created_by) VALUES ('Drug Levels', 4, false, 0);
INSERT INTO loinc_extra (loinc_num, preferred_name, created_by) VALUES ('41935-8', 'Peak Flows (actual)', 0);
INSERT INTO loinc_extra (loinc_num, preferred_name, created_by) VALUES ('71850-2', 'Pulse Ox', 0);
INSERT INTO loinc_extra (loinc_num, preferred_name, created_by) VALUES ('19868-9', 'FVC (L)', 0);
INSERT INTO loinc_extra (loinc_num, preferred_name, created_by) VALUES ('20142-6', 'FEV1 (L)', 0);
INSERT INTO loinc_extra (loinc_num, preferred_name, created_by) VALUES ('19926-5', 'FEV1/FVC (%)', 0);
INSERT INTO loinc_extra (loinc_num, preferred_name, created_by) VALUES ('718-7', 'Hgb', 0);
INSERT INTO loinc_extra (loinc_num, preferred_name, created_by) VALUES ('20509-6', 'Hgb', 0);
INSERT INTO loinc_extra (loinc_num, preferred_name, created_by) VALUES ('4544-3', 'Hct', 0);
INSERT INTO loinc_extra (loinc_num, preferred_name, created_by) VALUES ('20570-8', 'Hct', 0);
INSERT INTO loinc_extra (loinc_num, preferred_name, created_by) VALUES ('31100-1', 'Hct', 0);
INSERT INTO loinc_extra (loinc_num, preferred_name, created_by) VALUES ('789-8', 'RBC', 0);
INSERT INTO loinc_extra (loinc_num, preferred_name, created_by) VALUES ('30428-7', 'MCV', 0);
INSERT INTO loinc_extra (loinc_num, preferred_name, created_by) VALUES ('785-6', 'MCH', 0);
INSERT INTO loinc_extra (loinc_num, preferred_name, created_by) VALUES ('786-4', 'MCHC', 0);
INSERT INTO loinc_extra (loinc_num, preferred_name, created_by) VALUES ('30385-9', 'RDW', 0);
INSERT INTO loinc_extra (loinc_num, preferred_name, created_by) VALUES ('26464-8', 'WBC', 0);
INSERT INTO loinc_extra (loinc_num, preferred_name, created_by) VALUES ('770-8', 'Neutrophils', 0);
INSERT INTO loinc_extra (loinc_num, preferred_name, created_by) VALUES ('26478-8', 'Lymphocytes', 0);
INSERT INTO loinc_extra (loinc_num, preferred_name, created_by) VALUES ('30180-4', 'Basophils', 0);
INSERT INTO loinc_extra (loinc_num, preferred_name, created_by) VALUES ('26450-7', 'Eosinophils', 0);
INSERT INTO loinc_extra (loinc_num, preferred_name, created_by) VALUES ('26485-3', 'Monocytes', 0);
INSERT INTO loinc_extra (loinc_num, preferred_name, created_by) VALUES ('4679-7', 'Reticulocyte count', 0);
INSERT INTO loinc_extra (loinc_num, preferred_name, created_by) VALUES ('26515-7', 'PLT ', 0);
INSERT INTO loinc_extra (loinc_num, preferred_name, created_by) VALUES ('28542-9', 'PMV', 0);
INSERT INTO loinc_extra (loinc_num, preferred_name, created_by) VALUES ('32207-3', 'PDW', 0);
INSERT INTO loinc_extra (loinc_num, preferred_name, created_by) VALUES ('6742-1', 'RBC morph', 0);
INSERT INTO loinc_extra (loinc_num, preferred_name, created_by) VALUES ('13945-1', 'RBC #/area', 0);
INSERT INTO loinc_extra (loinc_num, preferred_name, created_by) VALUES ('735-1', 'Variant Lymphs', 0);
INSERT INTO loinc_extra (loinc_num, preferred_name, created_by) VALUES ('738-5', 'Macrocytes (Smear)', 0);
INSERT INTO loinc_extra (loinc_num, preferred_name, created_by) VALUES ('741-9', 'Microcytes (Smear)', 0);
INSERT INTO loinc_extra (loinc_num, preferred_name, created_by) VALUES ('774-0', 'Ovalocytes (Smear)', 0);
INSERT INTO loinc_extra (loinc_num, preferred_name, created_by) VALUES ('7791-7', 'Dacrocytes (Smear)', 0);
INSERT INTO loinc_extra (loinc_num, preferred_name, created_by) VALUES ('9317-9', 'Platelets (Smear)', 0);
INSERT INTO loinc_extra (loinc_num, preferred_name, created_by) VALUES ('800-3', 'Schistocytes (Smear)', 0);
INSERT INTO loinc_extra (loinc_num, preferred_name, created_by) VALUES ('802-9', 'Spherocytes (Smear)', 0);
INSERT INTO loinc_extra (loinc_num, preferred_name, created_by) VALUES ('10378-8', 'Polychromasia (Smear)', 0);
INSERT INTO loinc_extra (loinc_num, preferred_name, created_by) VALUES ('2498-4', 'Iron total', 0);
INSERT INTO loinc_extra (loinc_num, preferred_name, created_by) VALUES ('2500-7', 'TIBC', 0);
INSERT INTO loinc_extra (loinc_num, preferred_name, created_by) VALUES ('2501-5', 'UIBC', 0);
INSERT INTO loinc_extra (loinc_num, preferred_name, created_by) VALUES ('2502-3', '% sat', 0);
INSERT INTO loinc_extra (loinc_num, preferred_name, created_by) VALUES ('2276-4', 'Ferritin', 0);
INSERT INTO loinc_extra (loinc_num, preferred_name, created_by) VALUES ('2345-7', 'Glucose (S/P)', 0);
INSERT INTO loinc_extra (loinc_num, preferred_name, created_by) VALUES ('2339-0', 'Glucose (Bld)', 0);
INSERT INTO loinc_extra (loinc_num, preferred_name, created_by) VALUES ('41653-7', 'Glucose (BldC glucometer)', 0);
INSERT INTO loinc_extra (loinc_num, preferred_name, created_by) VALUES ('32016-8', 'Glucose (BldC)', 0);
INSERT INTO loinc_extra (loinc_num, preferred_name, created_by) VALUES ('4548-4', 'Hb A1c', 0);
INSERT INTO loinc_extra (loinc_num, preferred_name, created_by) VALUES ('17856-6', 'Hb A1c', 0);
INSERT INTO loinc_extra (loinc_num, preferred_name, created_by) VALUES ('17861-6', 'Calcium (S/P)', 0);
INSERT INTO loinc_extra (loinc_num, preferred_name, created_by) VALUES ('49765-1', 'Calcium (Bld)', 0);
INSERT INTO loinc_extra (loinc_num, preferred_name, created_by) VALUES ('2885-2', 'Protein (S/P)', 0);
INSERT INTO loinc_extra (loinc_num, preferred_name, created_by) VALUES ('1751-7', 'Albumin (S/P)', 0);
INSERT INTO loinc_extra (loinc_num, preferred_name, created_by) VALUES ('10834-0', 'Globulin', 0);
INSERT INTO loinc_extra (loinc_num, preferred_name, created_by) VALUES ('1759-0', 'Albumin/Globulin', 0);
INSERT INTO loinc_extra (loinc_num, preferred_name, created_by) VALUES ('2951-2', 'Sodium (S/P)', 0);
INSERT INTO loinc_extra (loinc_num, preferred_name, created_by) VALUES ('2947-0', 'Sodium (Bld)', 0);
INSERT INTO loinc_extra (loinc_num, preferred_name, created_by) VALUES ('2823-3', 'Potassium (S/P)', 0);
INSERT INTO loinc_extra (loinc_num, preferred_name, created_by) VALUES ('6298-4', 'Potassium (Bld)', 0);
INSERT INTO loinc_extra (loinc_num, preferred_name, created_by) VALUES ('2028-9', 'CO2', 0);
INSERT INTO loinc_extra (loinc_num, preferred_name, created_by) VALUES ('20565-8', 'CO2', 0);
INSERT INTO loinc_extra (loinc_num, preferred_name, created_by) VALUES ('1959-6', 'HCO3', 0);
INSERT INTO loinc_extra (loinc_num, preferred_name, created_by) VALUES ('14627-4', 'HCO3 (BldV)', 0);
INSERT INTO loinc_extra (loinc_num, preferred_name, created_by) VALUES ('2075-0', 'Chloride', 0);
INSERT INTO loinc_extra (loinc_num, preferred_name, created_by) VALUES ('2069-3', 'Chloride', 0);
INSERT INTO loinc_extra (loinc_num, preferred_name, created_by) VALUES ('3094-0', 'Urea Nitrogen', 0);
INSERT INTO loinc_extra (loinc_num, preferred_name, created_by) VALUES ('6299-2', 'BUN', 0);
INSERT INTO loinc_extra (loinc_num, preferred_name, created_by) VALUES ('2160-0', 'Creatinine', 0);
INSERT INTO loinc_extra (loinc_num, preferred_name, created_by) VALUES ('38483-4', 'Creatinine', 0);
INSERT INTO loinc_extra (loinc_num, preferred_name, created_by) VALUES ('3097-3', 'Urea Nitrogen/Creatinine', 0);
INSERT INTO loinc_extra (loinc_num, preferred_name, created_by) VALUES ('6768-6', 'ALP', 0);
INSERT INTO loinc_extra (loinc_num, preferred_name, created_by) VALUES ('1742-6', 'ALT', 0);
INSERT INTO loinc_extra (loinc_num, preferred_name, created_by) VALUES ('1920-8', 'AST', 0);
INSERT INTO loinc_extra (loinc_num, preferred_name, created_by) VALUES ('1975-2', 'Bilirubin, Total', 0);
INSERT INTO loinc_extra (loinc_num, preferred_name, created_by) VALUES ('5574-9', 'Aluminum', 0);
INSERT INTO loinc_extra (loinc_num, preferred_name, created_by) VALUES ('1841-6', 'Ammonia', 0);
INSERT INTO loinc_extra (loinc_num, preferred_name, created_by) VALUES ('16362-6', 'Ammonia', 0);
INSERT INTO loinc_extra (loinc_num, preferred_name, created_by) VALUES ('5047-6', 'ANA', 0);
INSERT INTO loinc_extra (loinc_num, preferred_name, created_by) VALUES ('10466-1', 'Anion Gap 3', 0);
INSERT INTO loinc_extra (loinc_num, preferred_name, created_by) VALUES ('40456-6', 'Beta-2 Glycoprotein 1 Antibodies', 0);
INSERT INTO loinc_extra (loinc_num, preferred_name, created_by) VALUES ('38478-4', 'Biotinidase', 0);
INSERT INTO loinc_extra (loinc_num, preferred_name, created_by) VALUES ('30934-4', 'BNP', 0);
INSERT INTO loinc_extra (loinc_num, preferred_name, created_by) VALUES ('1988-5', 'C Reactive Protein', 0);
INSERT INTO loinc_extra (loinc_num, preferred_name, created_by) VALUES ('30522-7', 'C Reactive Protein, HS', 0);
INSERT INTO loinc_extra (loinc_num, preferred_name, created_by) VALUES ('1986-9', 'C peptide', 0);
INSERT INTO loinc_extra (loinc_num, preferred_name, created_by) VALUES ('1989-3', 'Calcidiol', 0);
INSERT INTO loinc_extra (loinc_num, preferred_name, created_by) VALUES ('2236-8', 'Calciferol', 0);
INSERT INTO loinc_extra (loinc_num, preferred_name, created_by) VALUES ('1649-3', 'Calcitriol', 0);
INSERT INTO loinc_extra (loinc_num, preferred_name, created_by) VALUES ('2124-6', 'Chymotrypsin', 0);
INSERT INTO loinc_extra (loinc_num, preferred_name, created_by) VALUES ('20563-3', 'COHgb', 0);
INSERT INTO loinc_extra (loinc_num, preferred_name, created_by) VALUES ('4485-9', 'Complement C3', 0);
INSERT INTO loinc_extra (loinc_num, preferred_name, created_by) VALUES ('4498-2', 'Complement C4', 0);
INSERT INTO loinc_extra (loinc_num, preferred_name, created_by) VALUES ('4532-8', 'Complement Total CH50', 0);
INSERT INTO loinc_extra (loinc_num, preferred_name, created_by) VALUES ('2157-6', 'CK', 0);
INSERT INTO loinc_extra (loinc_num, preferred_name, created_by) VALUES ('13969-1', 'CK MB', 0);
INSERT INTO loinc_extra (loinc_num, preferred_name, created_by) VALUES ('49551-5', 'CK MB', 0);
INSERT INTO loinc_extra (loinc_num, preferred_name, created_by) VALUES ('20569-0', 'CK MB/CK', 0);
INSERT INTO loinc_extra (loinc_num, preferred_name, created_by) VALUES ('2158-4', 'CK/CK MB', 0);
INSERT INTO loinc_extra (loinc_num, preferred_name, created_by) VALUES ('2284-8', 'Folate', 0);
INSERT INTO loinc_extra (loinc_num, preferred_name, created_by) VALUES ('2324-2', 'GGT', 0);
INSERT INTO loinc_extra (loinc_num, preferred_name, created_by) VALUES ('13955-0', 'Hep C AB', 0);
INSERT INTO loinc_extra (loinc_num, preferred_name, created_by) VALUES ('7917-8', 'HIV', 0);
INSERT INTO loinc_extra (loinc_num, preferred_name, created_by) VALUES ('13965-9', 'Homocysteine', 0);
INSERT INTO loinc_extra (loinc_num, preferred_name, created_by) VALUES ('2524-7', 'Lactate', 0);
INSERT INTO loinc_extra (loinc_num, preferred_name, created_by) VALUES ('19123-9', 'Magnesium', 0);
INSERT INTO loinc_extra (loinc_num, preferred_name, created_by) VALUES ('2614-6', 'MetHgb', 0);
INSERT INTO loinc_extra (loinc_num, preferred_name, created_by) VALUES ('2777-1', 'Phosphate', 0);
INSERT INTO loinc_extra (loinc_num, preferred_name, created_by) VALUES ('2857-1', 'PSA', 0);
INSERT INTO loinc_extra (loinc_num, preferred_name, created_by) VALUES ('11572-5', 'Rheumatoid Factor', 0);
INSERT INTO loinc_extra (loinc_num, preferred_name, created_by) VALUES ('20507-0', 'RPR', 0);
INSERT INTO loinc_extra (loinc_num, preferred_name, created_by) VALUES ('30341-2', 'Sed Rate', 0);
INSERT INTO loinc_extra (loinc_num, preferred_name, created_by) VALUES ('4537-7', 'Sed Rate (Westergren)', 0);
INSERT INTO loinc_extra (loinc_num, preferred_name, created_by) VALUES ('10839-9', 'Troponin I Cardiac', 0);
INSERT INTO loinc_extra (loinc_num, preferred_name, created_by) VALUES ('33325-2', 'Trypsin', 0);
INSERT INTO loinc_extra (loinc_num, preferred_name, created_by) VALUES ('3066-8', 'Trypsinogen', 0);
INSERT INTO loinc_extra (loinc_num, preferred_name, created_by) VALUES ('3084-1', 'Uric Acid', 0);
INSERT INTO loinc_extra (loinc_num, preferred_name, created_by) VALUES ('2132-9', 'Vitamin B12', 0);
INSERT INTO loinc_extra (loinc_num, preferred_name, created_by) VALUES ('16695-9', 'Vitamin B12', 0);
INSERT INTO loinc_extra (loinc_num, preferred_name, created_by) VALUES ('10335-8', 'Color', 0);
INSERT INTO loinc_extra (loinc_num, preferred_name, created_by) VALUES ('2342-4', 'Glucose', 0);
INSERT INTO loinc_extra (loinc_num, preferred_name, created_by) VALUES ('26454-9', 'RBC', 0);
INSERT INTO loinc_extra (loinc_num, preferred_name, created_by) VALUES ('806-0', 'WBC', 0);
INSERT INTO loinc_extra (loinc_num, preferred_name, created_by) VALUES ('26475-4', 'Lymphocytes', 0);
INSERT INTO loinc_extra (loinc_num, preferred_name, created_by) VALUES ('26486-1', 'Monocytes', 0);
INSERT INTO loinc_extra (loinc_num, preferred_name, created_by) VALUES ('2880-3', 'Protein', 0);
INSERT INTO loinc_extra (loinc_num, preferred_name, created_by) VALUES ('20512-0', 'Turbidity', 0);
INSERT INTO loinc_extra (loinc_num, preferred_name, created_by) VALUES ('34528-0', 'PT and INR', 0);
INSERT INTO loinc_extra (loinc_num, preferred_name, created_by) VALUES ('3173-2', 'aPTT', 0);
INSERT INTO loinc_extra (loinc_num, preferred_name, created_by) VALUES ('14979-9', 'aPTT', 0);
INSERT INTO loinc_extra (loinc_num, preferred_name, created_by) VALUES ('3174-0', 'Antithrombin', 0);
INSERT INTO loinc_extra (loinc_num, preferred_name, created_by) VALUES ('3184-9', 'Activated Clotting Time', 0);
INSERT INTO loinc_extra (loinc_num, preferred_name, created_by) VALUES ('48065-7', 'D-Dimer', 0);
INSERT INTO loinc_extra (loinc_num, preferred_name, created_by) VALUES ('3255-7', 'Fibrinogen', 0);
INSERT INTO loinc_extra (loinc_num, preferred_name, created_by) VALUES ('3243-3', 'Thrombin Time', 0);
INSERT INTO loinc_extra (loinc_num, preferred_name, created_by) VALUES ('3281-3', 'Lupus Anticoagulant ', 0);
INSERT INTO loinc_extra (loinc_num, preferred_name, created_by) VALUES ('11558-4', 'pH', 0);
INSERT INTO loinc_extra (loinc_num, preferred_name, created_by) VALUES ('11556-8', 'pO2', 0);
INSERT INTO loinc_extra (loinc_num, preferred_name, created_by) VALUES ('11557-6', 'pCO2', 0);
INSERT INTO loinc_extra (loinc_num, preferred_name, created_by) VALUES ('11555-0', 'Base Excess', 0);
INSERT INTO loinc_extra (loinc_num, preferred_name, created_by) VALUES ('2143-6', 'Cortisol', 0);
INSERT INTO loinc_extra (loinc_num, preferred_name, created_by) VALUES ('2243-4', 'Estradiol', 0);
INSERT INTO loinc_extra (loinc_num, preferred_name, created_by) VALUES ('15067-2', 'FSH', 0);
INSERT INTO loinc_extra (loinc_num, preferred_name, created_by) VALUES ('19080-1', 'HCG', 0);
INSERT INTO loinc_extra (loinc_num, preferred_name, created_by) VALUES ('10501-5', 'LH', 0);
INSERT INTO loinc_extra (loinc_num, preferred_name, created_by) VALUES ('2839-9', 'Progesterone', 0);
INSERT INTO loinc_extra (loinc_num, preferred_name, created_by) VALUES ('49220-7', 'Prolactin', 0);
INSERT INTO loinc_extra (loinc_num, preferred_name, created_by) VALUES ('2731-8', 'PTH', 0);
INSERT INTO loinc_extra (loinc_num, preferred_name, created_by) VALUES ('2986-8', 'Testosterone, Total', 0);
INSERT INTO loinc_extra (loinc_num, preferred_name, created_by) VALUES ('2093-3', 'Total Cholesterol', 0);
INSERT INTO loinc_extra (loinc_num, preferred_name, created_by) VALUES ('2085-9', 'HDL-C', 0);
INSERT INTO loinc_extra (loinc_num, preferred_name, created_by) VALUES ('18262-6', 'LDL-C', 0);
INSERT INTO loinc_extra (loinc_num, preferred_name, created_by) VALUES ('13457-7', 'LDL-C Calc', 0);
INSERT INTO loinc_extra (loinc_num, preferred_name, created_by) VALUES ('2571-8', 'TG', 0);
INSERT INTO loinc_extra (loinc_num, preferred_name, created_by) VALUES ('2091-7', 'VLDL-C', 0);
INSERT INTO loinc_extra (loinc_num, preferred_name, created_by) VALUES ('13458-5', 'VLDL-C Calc', 0);
INSERT INTO loinc_extra (loinc_num, preferred_name, created_by) VALUES ('43396-1', 'Non-HDL-C', 0);
INSERT INTO loinc_extra (loinc_num, preferred_name, created_by) VALUES ('62255-5', 'Lipoprotein (a) ', 0);
INSERT INTO loinc_extra (loinc_num, preferred_name, created_by) VALUES ('6768-6', 'ALP', 0);
INSERT INTO loinc_extra (loinc_num, preferred_name, created_by) VALUES ('1742-6', 'ALT', 0);
INSERT INTO loinc_extra (loinc_num, preferred_name, created_by) VALUES ('1920-8', 'AST', 0);
INSERT INTO loinc_extra (loinc_num, preferred_name, created_by) VALUES ('1975-2', 'Bilirubin, Total', 0);
INSERT INTO loinc_extra (loinc_num, preferred_name, created_by) VALUES ('1968-7', 'Bilirubin, Direct', 0);
INSERT INTO loinc_extra (loinc_num, preferred_name, created_by) VALUES ('1971-1', 'Bilirubin, Indirect', 0);
INSERT INTO loinc_extra (loinc_num, preferred_name, created_by) VALUES ('2324-2', 'GGT', 0);
INSERT INTO loinc_extra (loinc_num, preferred_name, created_by) VALUES ('3094-0', 'Urea Nitrogen', 0);
INSERT INTO loinc_extra (loinc_num, preferred_name, created_by) VALUES ('6299-2', 'BUN', 0);
INSERT INTO loinc_extra (loinc_num, preferred_name, created_by) VALUES ('2160-0', 'Creatinine', 0);
INSERT INTO loinc_extra (loinc_num, preferred_name, created_by) VALUES ('38483-4', 'Creatinine', 0);
INSERT INTO loinc_extra (loinc_num, preferred_name, created_by) VALUES ('3097-3', 'Urea Nitrogen/Creatinine', 0);
INSERT INTO loinc_extra (loinc_num, preferred_name, created_by) VALUES ('33914-3', 'GFR', 0);
INSERT INTO loinc_extra (loinc_num, preferred_name, created_by) VALUES ('48642-3', 'GFR', 0);
INSERT INTO loinc_extra (loinc_num, preferred_name, created_by) VALUES ('50044-7', 'GFR', 0);
INSERT INTO loinc_extra (loinc_num, preferred_name, created_by) VALUES ('48643-1', 'GFR', 0);
INSERT INTO loinc_extra (loinc_num, preferred_name, created_by) VALUES ('11580-8', 'TSH', 0);
INSERT INTO loinc_extra (loinc_num, preferred_name, created_by) VALUES ('3053-6', 'T3 (Total)', 0);
INSERT INTO loinc_extra (loinc_num, preferred_name, created_by) VALUES ('3051-0', 'T3 (Free)', 0);
INSERT INTO loinc_extra (loinc_num, preferred_name, created_by) VALUES ('3026-2', 'T4 (Total)', 0);
INSERT INTO loinc_extra (loinc_num, preferred_name, created_by) VALUES ('3024-7', 'T4 (Free)', 0);
INSERT INTO loinc_extra (loinc_num, preferred_name, created_by) VALUES ('32215-6', 'FTI', 0);
INSERT INTO loinc_extra (loinc_num, preferred_name, created_by) VALUES ('9318-7', 'Albumin/Cr', 0);
INSERT INTO loinc_extra (loinc_num, preferred_name, created_by) VALUES ('5767-9', 'Appearance', 0);
INSERT INTO loinc_extra (loinc_num, preferred_name, created_by) VALUES ('5769-5', 'Bacteria', 0);
INSERT INTO loinc_extra (loinc_num, preferred_name, created_by) VALUES ('5770-3', 'Bilirubin', 0);
INSERT INTO loinc_extra (loinc_num, preferred_name, created_by) VALUES ('9842-6', 'Casts #/area', 0);
INSERT INTO loinc_extra (loinc_num, preferred_name, created_by) VALUES ('2078-4', 'Chloride', 0);
INSERT INTO loinc_extra (loinc_num, preferred_name, created_by) VALUES ('2161-8', 'Creatinine', 0);
INSERT INTO loinc_extra (loinc_num, preferred_name, created_by) VALUES ('5792-7', 'Glucose', 0);
INSERT INTO loinc_extra (loinc_num, preferred_name, created_by) VALUES ('20453-7', 'Epithelial cells', 0);
INSERT INTO loinc_extra (loinc_num, preferred_name, created_by) VALUES ('2106-3', 'HCG', 0);
INSERT INTO loinc_extra (loinc_num, preferred_name, created_by) VALUES ('5796-8', 'Hyaline casts #/area', 0);
INSERT INTO loinc_extra (loinc_num, preferred_name, created_by) VALUES ('33903-6', 'Ketones', 0);
INSERT INTO loinc_extra (loinc_num, preferred_name, created_by) VALUES ('5799-2', 'Leukocyte esterase', 0);
INSERT INTO loinc_extra (loinc_num, preferred_name, created_by) VALUES ('58431-8', 'Microalbumin', 0);
INSERT INTO loinc_extra (loinc_num, preferred_name, created_by) VALUES ('8247-9', 'Mucous', 0);
INSERT INTO loinc_extra (loinc_num, preferred_name, created_by) VALUES ('5802-4', 'Nitrites', 0);
INSERT INTO loinc_extra (loinc_num, preferred_name, created_by) VALUES ('5794-3', 'Occult Blood', 0);
INSERT INTO loinc_extra (loinc_num, preferred_name, created_by) VALUES ('5803-2', 'pH', 0);
INSERT INTO loinc_extra (loinc_num, preferred_name, created_by) VALUES ('2828-2', 'Potassium', 0);
INSERT INTO loinc_extra (loinc_num, preferred_name, created_by) VALUES ('5804-0', 'Protein', 0);
INSERT INTO loinc_extra (loinc_num, preferred_name, created_by) VALUES ('5811-5', 'Sp Gr (Strip)', 0);
INSERT INTO loinc_extra (loinc_num, preferred_name, created_by) VALUES ('12258-0', 'Squamous', 0);
INSERT INTO loinc_extra (loinc_num, preferred_name, created_by) VALUES ('5821-4', 'WBC #/area', 0);
INSERT INTO test_ranges (loinc_num, gender, min_age, max_age, low_val, high_val, units) VALUES ('41935-8', 'M', 0.0, 999.9, '', '', '');
INSERT INTO test_ranges (loinc_num, gender, min_age, max_age, low_val, high_val, units) VALUES ('71850-2', 'M', 0.0, 999.9, '', '', '');
INSERT INTO test_ranges (loinc_num, gender, min_age, max_age, low_val, high_val, units) VALUES ('19868-9', 'M', 0.0, 999.9, '', '', '');
INSERT INTO test_ranges (loinc_num, gender, min_age, max_age, low_val, high_val, units) VALUES ('20142-6', 'M', 0.0, 999.9, '', '', '');
INSERT INTO test_ranges (loinc_num, gender, min_age, max_age, low_val, high_val, units) VALUES ('19926-5', 'M', 0.0, 999.9, '', '', '');
INSERT INTO test_ranges (loinc_num, gender, min_age, max_age, low_val, high_val, units) VALUES ('718-7', 'M', 0.0, 999.9, '13.5', '17.5', 'g/dL');
INSERT INTO test_ranges (loinc_num, gender, min_age, max_age, low_val, high_val, units) VALUES ('20509-6', 'M', 0.0, 999.9, '13.5', '17.5', 'g/dL');
INSERT INTO test_ranges (loinc_num, gender, min_age, max_age, low_val, high_val, units) VALUES ('4544-3', 'M', 0.0, 999.9, '42', '54', '%');
INSERT INTO test_ranges (loinc_num, gender, min_age, max_age, low_val, high_val, units) VALUES ('20570-8', 'M', 0.0, 999.9, '42', '54', '%');
INSERT INTO test_ranges (loinc_num, gender, min_age, max_age, low_val, high_val, units) VALUES ('31100-1', 'M', 0.0, 999.9, '42', '54', '%');
INSERT INTO test_ranges (loinc_num, gender, min_age, max_age, low_val, high_val, units) VALUES ('789-8', 'M', 0.0, 999.9, '4.5', '5.9', 'million/mm3');
INSERT INTO test_ranges (loinc_num, gender, min_age, max_age, low_val, high_val, units) VALUES ('30428-7', 'M', 0.0, 999.9, '82', '103', 'fL');
INSERT INTO test_ranges (loinc_num, gender, min_age, max_age, low_val, high_val, units) VALUES ('785-6', 'M', 0.0, 999.9, '26', '34', 'pg');
INSERT INTO test_ranges (loinc_num, gender, min_age, max_age, low_val, high_val, units) VALUES ('786-4', 'M', 0.0, 999.9, '30', '37', 'g/dL');
INSERT INTO test_ranges (loinc_num, gender, min_age, max_age, low_val, high_val, units) VALUES ('30385-9', 'M', 0.0, 999.9, '11.5', '14.5', '%');
INSERT INTO test_ranges (loinc_num, gender, min_age, max_age, low_val, high_val, units) VALUES ('26464-8', 'M', 0.0, 999.9, '4', '10', 'k/mm3');
INSERT INTO test_ranges (loinc_num, gender, min_age, max_age, low_val, high_val, units) VALUES ('770-8', 'M', 0.0, 999.9, '46', '78', '%');
INSERT INTO test_ranges (loinc_num, gender, min_age, max_age, low_val, high_val, units) VALUES ('26478-8', 'M', 0.0, 999.9, '18', '52', '%');
INSERT INTO test_ranges (loinc_num, gender, min_age, max_age, low_val, high_val, units) VALUES ('30180-4', 'M', 0.0, 999.9, '0', '3', '%');
INSERT INTO test_ranges (loinc_num, gender, min_age, max_age, low_val, high_val, units) VALUES ('26450-7', 'M', 0.0, 999.9, '0', '6', '%');
INSERT INTO test_ranges (loinc_num, gender, min_age, max_age, low_val, high_val, units) VALUES ('26485-3', 'M', 0.0, 999.9, '3', '10', '%');
INSERT INTO test_ranges (loinc_num, gender, min_age, max_age, low_val, high_val, units) VALUES ('4679-7', 'M', 0.0, 999.9, '0', '1', '%');
INSERT INTO test_ranges (loinc_num, gender, min_age, max_age, low_val, high_val, units) VALUES ('26515-7', 'M', 0.0, 999.9, '150', '399', 'k/cumm');
INSERT INTO test_ranges (loinc_num, gender, min_age, max_age, low_val, high_val, units) VALUES ('28542-9', 'M', 0.0, 999.9, '6.3', '9.6', 'fL');
INSERT INTO test_ranges (loinc_num, gender, min_age, max_age, low_val, high_val, units) VALUES ('32207-3', 'M', 0.0, 999.9, '', '', 'fL');
INSERT INTO test_ranges (loinc_num, gender, min_age, max_age, low_val, high_val, units) VALUES ('6742-1', 'M', 0.0, 999.9, '', '', '');
INSERT INTO test_ranges (loinc_num, gender, min_age, max_age, low_val, high_val, units) VALUES ('13945-1', 'M', 0.0, 999.9, '', '', '#/HPF');
INSERT INTO test_ranges (loinc_num, gender, min_age, max_age, low_val, high_val, units) VALUES ('735-1', 'M', 0.0, 999.9, '0', '0', '%');
INSERT INTO test_ranges (loinc_num, gender, min_age, max_age, low_val, high_val, units) VALUES ('738-5', 'M', 0.0, 999.9, '', '', '');
INSERT INTO test_ranges (loinc_num, gender, min_age, max_age, low_val, high_val, units) VALUES ('741-9', 'M', 0.0, 999.9, '', '', '');
INSERT INTO test_ranges (loinc_num, gender, min_age, max_age, low_val, high_val, units) VALUES ('774-0', 'M', 0.0, 999.9, '', '', '');
INSERT INTO test_ranges (loinc_num, gender, min_age, max_age, low_val, high_val, units) VALUES ('7791-7', 'M', 0.0, 999.9, '', '', '');
INSERT INTO test_ranges (loinc_num, gender, min_age, max_age, low_val, high_val, units) VALUES ('9317-9', 'M', 0.0, 999.9, '', '', '');
INSERT INTO test_ranges (loinc_num, gender, min_age, max_age, low_val, high_val, units) VALUES ('800-3', 'M', 0.0, 999.9, '', '', '');
INSERT INTO test_ranges (loinc_num, gender, min_age, max_age, low_val, high_val, units) VALUES ('802-9', 'M', 0.0, 999.9, '', '', '');
INSERT INTO test_ranges (loinc_num, gender, min_age, max_age, low_val, high_val, units) VALUES ('10378-8', 'M', 0.0, 999.9, '', '', '');
INSERT INTO test_ranges (loinc_num, gender, min_age, max_age, low_val, high_val, units) VALUES ('2498-4', 'M', 0.0, 999.9, '', '', 'ug/dL');
INSERT INTO test_ranges (loinc_num, gender, min_age, max_age, low_val, high_val, units) VALUES ('2500-7', 'M', 0.0, 999.9, '', '', 'ug/dL');
INSERT INTO test_ranges (loinc_num, gender, min_age, max_age, low_val, high_val, units) VALUES ('2501-5', 'M', 0.0, 999.9, '', '', 'ug/dL');
INSERT INTO test_ranges (loinc_num, gender, min_age, max_age, low_val, high_val, units) VALUES ('2502-3', 'M', 0.0, 999.9, '', '', '%');
INSERT INTO test_ranges (loinc_num, gender, min_age, max_age, low_val, high_val, units) VALUES ('2276-4', 'M', 0.0, 999.9, '', '', 'ng/mL');
INSERT INTO test_ranges (loinc_num, gender, min_age, max_age, low_val, high_val, units) VALUES ('2345-7', 'M', 0.0, 999.9, '60', '200', 'mg/dL');
INSERT INTO test_ranges (loinc_num, gender, min_age, max_age, low_val, high_val, units) VALUES ('2339-0', 'M', 0.0, 999.9, '60', '200', 'mg/dL');
INSERT INTO test_ranges (loinc_num, gender, min_age, max_age, low_val, high_val, units) VALUES ('41653-7', 'M', 0.0, 999.9, '60', '200', 'mg/dL');
INSERT INTO test_ranges (loinc_num, gender, min_age, max_age, low_val, high_val, units) VALUES ('32016-8', 'M', 0.0, 999.9, '60', '200', 'mg/dL');
INSERT INTO test_ranges (loinc_num, gender, min_age, max_age, low_val, high_val, units) VALUES ('4548-4', 'M', 0.0, 999.9, '3.9', '6.2', '%');
INSERT INTO test_ranges (loinc_num, gender, min_age, max_age, low_val, high_val, units) VALUES ('17856-6', 'M', 0.0, 999.9, '3.9', '6.2', '%');
INSERT INTO test_ranges (loinc_num, gender, min_age, max_age, low_val, high_val, units) VALUES ('17861-6', 'M', 0.0, 999.9, '8.7', '10.7', 'mg/dL');
INSERT INTO test_ranges (loinc_num, gender, min_age, max_age, low_val, high_val, units) VALUES ('49765-1', 'M', 0.0, 999.9, '', '', 'mg/dL');
INSERT INTO test_ranges (loinc_num, gender, min_age, max_age, low_val, high_val, units) VALUES ('2885-2', 'M', 0.0, 999.9, '6', '8.2', 'g/dL');
INSERT INTO test_ranges (loinc_num, gender, min_age, max_age, low_val, high_val, units) VALUES ('1751-7', 'M', 0.0, 999.9, '3.5', '5', 'g/dL');
INSERT INTO test_ranges (loinc_num, gender, min_age, max_age, low_val, high_val, units) VALUES ('10834-0', 'M', 0.0, 999.9, '', '', 'g/L');
INSERT INTO test_ranges (loinc_num, gender, min_age, max_age, low_val, high_val, units) VALUES ('1759-0', 'M', 0.0, 999.9, '', '', 'ratio');
INSERT INTO test_ranges (loinc_num, gender, min_age, max_age, low_val, high_val, units) VALUES ('2951-2', 'M', 0.0, 999.9, '137', '147', 'mmol/L');
INSERT INTO test_ranges (loinc_num, gender, min_age, max_age, low_val, high_val, units) VALUES ('2947-0', 'M', 0.0, 999.9, '137', '147', 'mmol/L');
INSERT INTO test_ranges (loinc_num, gender, min_age, max_age, low_val, high_val, units) VALUES ('2823-3', 'M', 0.0, 999.9, '3.4', '5.3', 'mmol/L');
INSERT INTO test_ranges (loinc_num, gender, min_age, max_age, low_val, high_val, units) VALUES ('6298-4', 'M', 0.0, 999.9, '3.4', '5.3', 'mmol/L');
INSERT INTO test_ranges (loinc_num, gender, min_age, max_age, low_val, high_val, units) VALUES ('2028-9', 'M', 0.0, 999.9, '22', '29', 'mmol/L');
INSERT INTO test_ranges (loinc_num, gender, min_age, max_age, low_val, high_val, units) VALUES ('20565-8', 'M', 0.0, 999.9, '22', '29', 'mmol/L');
INSERT INTO test_ranges (loinc_num, gender, min_age, max_age, low_val, high_val, units) VALUES ('1959-6', 'M', 0.0, 999.9, '22', '29', 'mmol/L');
INSERT INTO test_ranges (loinc_num, gender, min_age, max_age, low_val, high_val, units) VALUES ('14627-4', 'M', 0.0, 999.9, '22', '29', 'mmol/L');
INSERT INTO test_ranges (loinc_num, gender, min_age, max_age, low_val, high_val, units) VALUES ('2075-0', 'M', 0.0, 999.9, '99', '108', 'mmol/L');
INSERT INTO test_ranges (loinc_num, gender, min_age, max_age, low_val, high_val, units) VALUES ('2069-3', 'M', 0.0, 999.9, '99', '108', 'mmol/L');
INSERT INTO test_ranges (loinc_num, gender, min_age, max_age, low_val, high_val, units) VALUES ('3094-0', 'M', 0.0, 999.9, '8', '21', 'mg/dL');
INSERT INTO test_ranges (loinc_num, gender, min_age, max_age, low_val, high_val, units) VALUES ('6299-2', 'M', 0.0, 999.9, '8', '21', 'mg/dL');
INSERT INTO test_ranges (loinc_num, gender, min_age, max_age, low_val, high_val, units) VALUES ('2160-0', 'M', 0.0, 999.9, '0.75', '1.2', 'mg/dL');
INSERT INTO test_ranges (loinc_num, gender, min_age, max_age, low_val, high_val, units) VALUES ('38483-4', 'M', 0.0, 999.9, '0.75', '1.2', 'mg/dL');
INSERT INTO test_ranges (loinc_num, gender, min_age, max_age, low_val, high_val, units) VALUES ('3097-3', 'M', 0.0, 999.9, '', '', 'ratio');
INSERT INTO test_ranges (loinc_num, gender, min_age, max_age, low_val, high_val, units) VALUES ('6768-6', 'M', 0.0, 999.9, '30', '125', 'U/L');
INSERT INTO test_ranges (loinc_num, gender, min_age, max_age, low_val, high_val, units) VALUES ('1742-6', 'M', 0.0, 999.9, '0', '40', 'U/L');
INSERT INTO test_ranges (loinc_num, gender, min_age, max_age, low_val, high_val, units) VALUES ('1920-8', 'M', 0.0, 999.9, '3', '44', 'U/L');
INSERT INTO test_ranges (loinc_num, gender, min_age, max_age, low_val, high_val, units) VALUES ('1975-2', 'M', 0.0, 999.9, '0.2', '1.3', 'mg/dL');
INSERT INTO test_ranges (loinc_num, gender, min_age, max_age, low_val, high_val, units) VALUES ('5574-9', 'M', 0.0, 999.9, '', '', 'Ser/Plas');
INSERT INTO test_ranges (loinc_num, gender, min_age, max_age, low_val, high_val, units) VALUES ('1841-6', 'M', 0.0, 999.9, '11', '35', 'mcmol/L');
INSERT INTO test_ranges (loinc_num, gender, min_age, max_age, low_val, high_val, units) VALUES ('16362-6', 'M', 0.0, 999.9, '', '', 'mcmol/L');
INSERT INTO test_ranges (loinc_num, gender, min_age, max_age, low_val, high_val, units) VALUES ('5047-6', 'M', 0.0, 999.9, '', '', '[IU]/mL ');
INSERT INTO test_ranges (loinc_num, gender, min_age, max_age, low_val, high_val, units) VALUES ('10466-1', 'M', 0.0, 999.9, '0', '0', 'mmol/L');
INSERT INTO test_ranges (loinc_num, gender, min_age, max_age, low_val, high_val, units) VALUES ('40456-6', 'M', 0.0, 999.9, '', '', 'U');
INSERT INTO test_ranges (loinc_num, gender, min_age, max_age, low_val, high_val, units) VALUES ('38478-4', 'M', 0.0, 999.9, '0', '0', '');
INSERT INTO test_ranges (loinc_num, gender, min_age, max_age, low_val, high_val, units) VALUES ('30934-4', 'M', 0.0, 999.9, '', '', 'pg/mL');
INSERT INTO test_ranges (loinc_num, gender, min_age, max_age, low_val, high_val, units) VALUES ('1988-5', 'M', 0.0, 999.9, '', '', 'mg/dL');
INSERT INTO test_ranges (loinc_num, gender, min_age, max_age, low_val, high_val, units) VALUES ('30522-7', 'M', 0.0, 999.9, '0', '3', 'mg/dL');
INSERT INTO test_ranges (loinc_num, gender, min_age, max_age, low_val, high_val, units) VALUES ('1986-9', 'M', 0.0, 999.9, '', '', '');
INSERT INTO test_ranges (loinc_num, gender, min_age, max_age, low_val, high_val, units) VALUES ('1989-3', 'M', 0.0, 999.9, '', '', 'ng/mL');
INSERT INTO test_ranges (loinc_num, gender, min_age, max_age, low_val, high_val, units) VALUES ('2236-8', 'M', 0.0, 999.9, '', '', '');
INSERT INTO test_ranges (loinc_num, gender, min_age, max_age, low_val, high_val, units) VALUES ('1649-3', 'M', 0.0, 999.9, '', '', 'pg/mL');
INSERT INTO test_ranges (loinc_num, gender, min_age, max_age, low_val, high_val, units) VALUES ('2124-6', 'M', 0.0, 999.9, '', '', 'ug/L');
INSERT INTO test_ranges (loinc_num, gender, min_age, max_age, low_val, high_val, units) VALUES ('20563-3', 'M', 0.0, 999.9, '0', '2', '%');
INSERT INTO test_ranges (loinc_num, gender, min_age, max_age, low_val, high_val, units) VALUES ('4485-9', 'M', 0.0, 999.9, '', '', 'mg/dL');
INSERT INTO test_ranges (loinc_num, gender, min_age, max_age, low_val, high_val, units) VALUES ('4498-2', 'M', 0.0, 999.9, '', '', 'mg/dL');
INSERT INTO test_ranges (loinc_num, gender, min_age, max_age, low_val, high_val, units) VALUES ('4532-8', 'M', 0.0, 999.9, '', '', '{CAE''U}/mL');
INSERT INTO test_ranges (loinc_num, gender, min_age, max_age, low_val, high_val, units) VALUES ('2157-6', 'M', 0.0, 999.9, '10', '205', 'U/L');
INSERT INTO test_ranges (loinc_num, gender, min_age, max_age, low_val, high_val, units) VALUES ('13969-1', 'M', 0.0, 999.9, '', '', 'ng/mL');
INSERT INTO test_ranges (loinc_num, gender, min_age, max_age, low_val, high_val, units) VALUES ('49551-5', 'M', 0.0, 999.9, '', '', 'ng/mL');
INSERT INTO test_ranges (loinc_num, gender, min_age, max_age, low_val, high_val, units) VALUES ('20569-0', 'M', 0.0, 999.9, '0', '0', '%');
INSERT INTO test_ranges (loinc_num, gender, min_age, max_age, low_val, high_val, units) VALUES ('2158-4', 'M', 0.0, 999.9, '', '', '');
INSERT INTO test_ranges (loinc_num, gender, min_age, max_age, low_val, high_val, units) VALUES ('2284-8', 'M', 0.0, 999.9, '0', '0', 'ng/mL');
INSERT INTO test_ranges (loinc_num, gender, min_age, max_age, low_val, high_val, units) VALUES ('2324-2', 'M', 0.0, 999.9, '18', '85', 'U/L');
INSERT INTO test_ranges (loinc_num, gender, min_age, max_age, low_val, high_val, units) VALUES ('13955-0', 'M', 0.0, 999.9, '', '', '');
INSERT INTO test_ranges (loinc_num, gender, min_age, max_age, low_val, high_val, units) VALUES ('7917-8', 'M', 0.0, 999.9, '', '', '');
INSERT INTO test_ranges (loinc_num, gender, min_age, max_age, low_val, high_val, units) VALUES ('13965-9', 'M', 0.0, 999.9, '', '', 'mcmol/L');
INSERT INTO test_ranges (loinc_num, gender, min_age, max_age, low_val, high_val, units) VALUES ('2524-7', 'M', 0.0, 999.9, '0.4', '2', 'mmol/L');
INSERT INTO test_ranges (loinc_num, gender, min_age, max_age, low_val, high_val, units) VALUES ('19123-9', 'M', 0.0, 999.9, '1.6', '2.7', 'mg/dL');
INSERT INTO test_ranges (loinc_num, gender, min_age, max_age, low_val, high_val, units) VALUES ('2614-6', 'M', 0.0, 999.9, '0', '1.2', '%');
INSERT INTO test_ranges (loinc_num, gender, min_age, max_age, low_val, high_val, units) VALUES ('2777-1', 'M', 0.0, 999.9, '2.5', '4.6', 'mg/dL');
INSERT INTO test_ranges (loinc_num, gender, min_age, max_age, low_val, high_val, units) VALUES ('2857-1', 'M', 0.0, 999.9, '0', '2.5', 'ng/mL');
INSERT INTO test_ranges (loinc_num, gender, min_age, max_age, low_val, high_val, units) VALUES ('11572-5', 'M', 0.0, 999.9, '', '', '[IU]/mL ');
INSERT INTO test_ranges (loinc_num, gender, min_age, max_age, low_val, high_val, units) VALUES ('20507-0', 'M', 0.0, 999.9, '', '', '');
INSERT INTO test_ranges (loinc_num, gender, min_age, max_age, low_val, high_val, units) VALUES ('30341-2', 'M', 0.0, 999.9, '', '', 'mm/h');
INSERT INTO test_ranges (loinc_num, gender, min_age, max_age, low_val, high_val, units) VALUES ('4537-7', 'M', 0.0, 999.9, '', '', 'mm/h');
INSERT INTO test_ranges (loinc_num, gender, min_age, max_age, low_val, high_val, units) VALUES ('10839-9', 'M', 0.0, 999.9, '0', '10', 'ng/mL');
INSERT INTO test_ranges (loinc_num, gender, min_age, max_age, low_val, high_val, units) VALUES ('33325-2', 'M', 0.0, 999.9, '', '', 'ng/mL');
INSERT INTO test_ranges (loinc_num, gender, min_age, max_age, low_val, high_val, units) VALUES ('3066-8', 'M', 0.0, 999.9, '', '', 'ug/L');
INSERT INTO test_ranges (loinc_num, gender, min_age, max_age, low_val, high_val, units) VALUES ('3084-1', 'M', 0.0, 999.9, '3.5', '7.7', 'mg/dL');
INSERT INTO test_ranges (loinc_num, gender, min_age, max_age, low_val, high_val, units) VALUES ('2132-9', 'M', 0.0, 999.9, '', '', 'pg/mL');
INSERT INTO test_ranges (loinc_num, gender, min_age, max_age, low_val, high_val, units) VALUES ('16695-9', 'M', 0.0, 999.9, '', '', 'pg/mL');
INSERT INTO test_ranges (loinc_num, gender, min_age, max_age, low_val, high_val, units) VALUES ('10335-8', 'M', 0.0, 999.9, '', '', '');
INSERT INTO test_ranges (loinc_num, gender, min_age, max_age, low_val, high_val, units) VALUES ('2342-4', 'M', 0.0, 999.9, '40', '70', 'mg/dL');
INSERT INTO test_ranges (loinc_num, gender, min_age, max_age, low_val, high_val, units) VALUES ('26454-9', 'M', 0.0, 999.9, '0', '0', '#/mm3');
INSERT INTO test_ranges (loinc_num, gender, min_age, max_age, low_val, high_val, units) VALUES ('806-0', 'M', 0.0, 999.9, '0', '9', '#/mm3');
INSERT INTO test_ranges (loinc_num, gender, min_age, max_age, low_val, high_val, units) VALUES ('26475-4', 'M', 0.0, 999.9, '', '', '10*3/uL');
INSERT INTO test_ranges (loinc_num, gender, min_age, max_age, low_val, high_val, units) VALUES ('26486-1', 'M', 0.0, 999.9, '15', '45', '%');
INSERT INTO test_ranges (loinc_num, gender, min_age, max_age, low_val, high_val, units) VALUES ('2880-3', 'M', 0.0, 999.9, '15', '45', 'mg/dL');
INSERT INTO test_ranges (loinc_num, gender, min_age, max_age, low_val, high_val, units) VALUES ('20512-0', 'M', 0.0, 999.9, '', '', '');
INSERT INTO test_ranges (loinc_num, gender, min_age, max_age, low_val, high_val, units) VALUES ('34528-0', 'M', 0.0, 999.9, '0.83', '1.2', '');
INSERT INTO test_ranges (loinc_num, gender, min_age, max_age, low_val, high_val, units) VALUES ('3173-2', 'M', 0.0, 999.9, '23', '33', 's');
INSERT INTO test_ranges (loinc_num, gender, min_age, max_age, low_val, high_val, units) VALUES ('14979-9', 'M', 0.0, 999.9, '', '', 's');
INSERT INTO test_ranges (loinc_num, gender, min_age, max_age, low_val, high_val, units) VALUES ('3174-0', 'M', 0.0, 999.9, '', '', 'U/mL');
INSERT INTO test_ranges (loinc_num, gender, min_age, max_age, low_val, high_val, units) VALUES ('3184-9', 'M', 0.0, 999.9, '', '', 's');
INSERT INTO test_ranges (loinc_num, gender, min_age, max_age, low_val, high_val, units) VALUES ('48065-7', 'M', 0.0, 999.9, '0', '0.6', 'mg/L');
INSERT INTO test_ranges (loinc_num, gender, min_age, max_age, low_val, high_val, units) VALUES ('3255-7', 'M', 0.0, 999.9, '190', '395', 'mg/dL');
INSERT INTO test_ranges (loinc_num, gender, min_age, max_age, low_val, high_val, units) VALUES ('3243-3', 'M', 0.0, 999.9, '14.9', '19.8', 's');
INSERT INTO test_ranges (loinc_num, gender, min_age, max_age, low_val, high_val, units) VALUES ('3281-3', 'M', 0.0, 999.9, '', '', '');
INSERT INTO test_ranges (loinc_num, gender, min_age, max_age, low_val, high_val, units) VALUES ('11558-4', 'M', 0.0, 999.9, '7.35', '7.45', '');
INSERT INTO test_ranges (loinc_num, gender, min_age, max_age, low_val, high_val, units) VALUES ('11556-8', 'M', 0.0, 999.9, '80', '110', 'mm Hg');
INSERT INTO test_ranges (loinc_num, gender, min_age, max_age, low_val, high_val, units) VALUES ('11557-6', 'M', 0.0, 999.9, '35', '45', 'mm Hg');
INSERT INTO test_ranges (loinc_num, gender, min_age, max_age, low_val, high_val, units) VALUES ('11555-0', 'M', 0.0, 999.9, '0', '0', 'mmol/L');
INSERT INTO test_ranges (loinc_num, gender, min_age, max_age, low_val, high_val, units) VALUES ('2143-6', 'M', 0.0, 999.9, '0', '0', 'mcg/dL');
INSERT INTO test_ranges (loinc_num, gender, min_age, max_age, low_val, high_val, units) VALUES ('2243-4', 'M', 0.0, 999.9, '', '', 'ng/L');
INSERT INTO test_ranges (loinc_num, gender, min_age, max_age, low_val, high_val, units) VALUES ('15067-2', 'M', 0.0, 999.9, '', '', 'm[IU]/mL');
INSERT INTO test_ranges (loinc_num, gender, min_age, max_age, low_val, high_val, units) VALUES ('19080-1', 'M', 0.0, 999.9, '', '', 'mU/mL');
INSERT INTO test_ranges (loinc_num, gender, min_age, max_age, low_val, high_val, units) VALUES ('10501-5', 'M', 0.0, 999.9, '', '', 'm[IU]/mL');
INSERT INTO test_ranges (loinc_num, gender, min_age, max_age, low_val, high_val, units) VALUES ('2839-9', 'M', 0.0, 999.9, '', '', 'ng/mL');
INSERT INTO test_ranges (loinc_num, gender, min_age, max_age, low_val, high_val, units) VALUES ('49220-7', 'M', 0.0, 999.9, '2', '15', 'ng/mL');
INSERT INTO test_ranges (loinc_num, gender, min_age, max_age, low_val, high_val, units) VALUES ('2731-8', 'M', 0.0, 999.9, '', '', '');
INSERT INTO test_ranges (loinc_num, gender, min_age, max_age, low_val, high_val, units) VALUES ('2986-8', 'M', 0.0, 999.9, '300', '1000', 'ng/dL');
INSERT INTO test_ranges (loinc_num, gender, min_age, max_age, low_val, high_val, units) VALUES ('2093-3', 'M', 0.0, 999.9, '0', '200', 'mg/dL');
INSERT INTO test_ranges (loinc_num, gender, min_age, max_age, low_val, high_val, units) VALUES ('2085-9', 'M', 0.0, 999.9, '>59', '', 'mg/dL');
INSERT INTO test_ranges (loinc_num, gender, min_age, max_age, low_val, high_val, units) VALUES ('18262-6', 'M', 0.0, 999.9, '', '<130', 'mg/dL');
INSERT INTO test_ranges (loinc_num, gender, min_age, max_age, low_val, high_val, units) VALUES ('13457-7', 'M', 0.0, 999.9, '0', '129', 'mg/dL');
INSERT INTO test_ranges (loinc_num, gender, min_age, max_age, low_val, high_val, units) VALUES ('2571-8', 'M', 0.0, 999.9, '30', '149', 'mg/dL');
INSERT INTO test_ranges (loinc_num, gender, min_age, max_age, low_val, high_val, units) VALUES ('2091-7', 'M', 0.0, 999.9, '', '', 'mg/dL');
INSERT INTO test_ranges (loinc_num, gender, min_age, max_age, low_val, high_val, units) VALUES ('13458-5', 'M', 0.0, 999.9, '', '', 'mg/dL');
INSERT INTO test_ranges (loinc_num, gender, min_age, max_age, low_val, high_val, units) VALUES ('43396-1', 'M', 0.0, 999.9, '', '', 'mg/dL');
INSERT INTO test_ranges (loinc_num, gender, min_age, max_age, low_val, high_val, units) VALUES ('62255-5', 'M', 0.0, 999.9, '', '', 'mg/dL');
INSERT INTO test_ranges (loinc_num, gender, min_age, max_age, low_val, high_val, units) VALUES ('6768-6', 'M', 0.0, 999.9, '30', '125', 'U/L');
INSERT INTO test_ranges (loinc_num, gender, min_age, max_age, low_val, high_val, units) VALUES ('1742-6', 'M', 0.0, 999.9, '0', '40', 'U/L');
INSERT INTO test_ranges (loinc_num, gender, min_age, max_age, low_val, high_val, units) VALUES ('1920-8', 'M', 0.0, 999.9, '3', '44', 'U/L');
INSERT INTO test_ranges (loinc_num, gender, min_age, max_age, low_val, high_val, units) VALUES ('1975-2', 'M', 0.0, 999.9, '0.2', '1.3', 'mg/dL');
INSERT INTO test_ranges (loinc_num, gender, min_age, max_age, low_val, high_val, units) VALUES ('1968-7', 'M', 0.0, 999.9, '0', '0.4', 'mg/dL');
INSERT INTO test_ranges (loinc_num, gender, min_age, max_age, low_val, high_val, units) VALUES ('1971-1', 'M', 0.0, 999.9, '', '', '');
INSERT INTO test_ranges (loinc_num, gender, min_age, max_age, low_val, high_val, units) VALUES ('2324-2', 'M', 0.0, 999.9, '18', '85', 'U/L');
INSERT INTO test_ranges (loinc_num, gender, min_age, max_age, low_val, high_val, units) VALUES ('3094-0', 'M', 0.0, 999.9, '8', '21', 'mg/dL');
INSERT INTO test_ranges (loinc_num, gender, min_age, max_age, low_val, high_val, units) VALUES ('6299-2', 'M', 0.0, 999.9, '8', '21', 'mg/dL');
INSERT INTO test_ranges (loinc_num, gender, min_age, max_age, low_val, high_val, units) VALUES ('2160-0', 'M', 0.0, 999.9, '0.75', '1.2', 'mg/dL');
INSERT INTO test_ranges (loinc_num, gender, min_age, max_age, low_val, high_val, units) VALUES ('38483-4', 'M', 0.0, 999.9, '0.75', '1.2', 'mg/dL');
INSERT INTO test_ranges (loinc_num, gender, min_age, max_age, low_val, high_val, units) VALUES ('3097-3', 'M', 0.0, 999.9, '', '', 'ratio');
INSERT INTO test_ranges (loinc_num, gender, min_age, max_age, low_val, high_val, units) VALUES ('33914-3', 'M', 0.0, 999.9, '', '', 'mL/min');
INSERT INTO test_ranges (loinc_num, gender, min_age, max_age, low_val, high_val, units) VALUES ('48642-3', 'M', 0.0, 999.9, '', '', 'mL/min');
INSERT INTO test_ranges (loinc_num, gender, min_age, max_age, low_val, high_val, units) VALUES ('50044-7', 'M', 0.0, 999.9, '', '', 'mL/min');
INSERT INTO test_ranges (loinc_num, gender, min_age, max_age, low_val, high_val, units) VALUES ('48643-1', 'M', 0.0, 999.9, '', '', 'mL/min');
INSERT INTO test_ranges (loinc_num, gender, min_age, max_age, low_val, high_val, units) VALUES ('11580-8', 'M', 0.0, 999.9, '0.35', '4.94', 'm[IU]/L');
INSERT INTO test_ranges (loinc_num, gender, min_age, max_age, low_val, high_val, units) VALUES ('3053-6', 'M', 0.0, 999.9, '0.6', '1.6', 'ng/mL');
INSERT INTO test_ranges (loinc_num, gender, min_age, max_age, low_val, high_val, units) VALUES ('3051-0', 'M', 0.0, 999.9, '1.7', '3.7', 'pg/mL');
INSERT INTO test_ranges (loinc_num, gender, min_age, max_age, low_val, high_val, units) VALUES ('3026-2', 'M', 0.0, 999.9, '4.9', '11.7', 'mcg/dL');
INSERT INTO test_ranges (loinc_num, gender, min_age, max_age, low_val, high_val, units) VALUES ('3024-7', 'M', 0.0, 999.9, '0.7', '1.5', 'ng/dL');
INSERT INTO test_ranges (loinc_num, gender, min_age, max_age, low_val, high_val, units) VALUES ('32215-6', 'M', 0.0, 999.9, '', '', 'Index');
INSERT INTO test_ranges (loinc_num, gender, min_age, max_age, low_val, high_val, units) VALUES ('9318-7', 'M', 0.0, 999.9, '0', '29', 'ug/mg Cr');
INSERT INTO test_ranges (loinc_num, gender, min_age, max_age, low_val, high_val, units) VALUES ('5767-9', 'M', 0.0, 999.9, '', '', '');
INSERT INTO test_ranges (loinc_num, gender, min_age, max_age, low_val, high_val, units) VALUES ('5769-5', 'M', 0.0, 999.9, '', '', '');
INSERT INTO test_ranges (loinc_num, gender, min_age, max_age, low_val, high_val, units) VALUES ('5770-3', 'M', 0.0, 999.9, 'neg', '', '');
INSERT INTO test_ranges (loinc_num, gender, min_age, max_age, low_val, high_val, units) VALUES ('9842-6', 'M', 0.0, 999.9, '0', '0', '#/LPF');
INSERT INTO test_ranges (loinc_num, gender, min_age, max_age, low_val, high_val, units) VALUES ('2078-4', 'M', 0.0, 999.9, '', '', 'mmol/L');
INSERT INTO test_ranges (loinc_num, gender, min_age, max_age, low_val, high_val, units) VALUES ('2161-8', 'M', 0.0, 999.9, '', '', 'mg/dL');
INSERT INTO test_ranges (loinc_num, gender, min_age, max_age, low_val, high_val, units) VALUES ('5792-7', 'M', 0.0, 999.9, 'neg', '', '');
INSERT INTO test_ranges (loinc_num, gender, min_age, max_age, low_val, high_val, units) VALUES ('20453-7', 'M', 0.0, 999.9, '', '', '');
INSERT INTO test_ranges (loinc_num, gender, min_age, max_age, low_val, high_val, units) VALUES ('2106-3', 'M', 0.0, 999.9, 'neg', '', '');
INSERT INTO test_ranges (loinc_num, gender, min_age, max_age, low_val, high_val, units) VALUES ('5796-8', 'M', 0.0, 999.9, '0', '2', '#/LPF');
INSERT INTO test_ranges (loinc_num, gender, min_age, max_age, low_val, high_val, units) VALUES ('33903-6', 'M', 0.0, 999.9, 'neg', '', '');
INSERT INTO test_ranges (loinc_num, gender, min_age, max_age, low_val, high_val, units) VALUES ('5799-2', 'M', 0.0, 999.9, 'neg', '', '');
INSERT INTO test_ranges (loinc_num, gender, min_age, max_age, low_val, high_val, units) VALUES ('58431-8', 'M', 0.0, 999.9, '', '', '');
INSERT INTO test_ranges (loinc_num, gender, min_age, max_age, low_val, high_val, units) VALUES ('8247-9', 'M', 0.0, 999.9, '', '', '');
INSERT INTO test_ranges (loinc_num, gender, min_age, max_age, low_val, high_val, units) VALUES ('5802-4', 'M', 0.0, 999.9, 'neg', '', '');
INSERT INTO test_ranges (loinc_num, gender, min_age, max_age, low_val, high_val, units) VALUES ('5794-3', 'M', 0.0, 999.9, 'neg', '', '');
INSERT INTO test_ranges (loinc_num, gender, min_age, max_age, low_val, high_val, units) VALUES ('5803-2', 'M', 0.0, 999.9, '5', '8', '');
INSERT INTO test_ranges (loinc_num, gender, min_age, max_age, low_val, high_val, units) VALUES ('2828-2', 'M', 0.0, 999.9, '', '', 'mmol/L');
INSERT INTO test_ranges (loinc_num, gender, min_age, max_age, low_val, high_val, units) VALUES ('5804-0', 'M', 0.0, 999.9, '0', '0', 'mg/dL');
INSERT INTO test_ranges (loinc_num, gender, min_age, max_age, low_val, high_val, units) VALUES ('5811-5', 'M', 0.0, 999.9, '1', '1.03', '');
INSERT INTO test_ranges (loinc_num, gender, min_age, max_age, low_val, high_val, units) VALUES ('12258-0', 'M', 0.0, 999.9, '', '', '');
INSERT INTO test_ranges (loinc_num, gender, min_age, max_age, low_val, high_val, units) VALUES ('5821-4', 'M', 0.0, 999.9, '0', '5', '#/HPF');
INSERT INTO test_ranges (loinc_num, gender, min_age, max_age, low_val, high_val, units) VALUES ('41935-8', 'F', 0.0, 999.9, '', '', '');
INSERT INTO test_ranges (loinc_num, gender, min_age, max_age, low_val, high_val, units) VALUES ('71850-2', 'F', 0.0, 999.9, '', '', '');
INSERT INTO test_ranges (loinc_num, gender, min_age, max_age, low_val, high_val, units) VALUES ('19868-9', 'F', 0.0, 999.9, '', '', '');
INSERT INTO test_ranges (loinc_num, gender, min_age, max_age, low_val, high_val, units) VALUES ('20142-6', 'F', 0.0, 999.9, '', '', '');
INSERT INTO test_ranges (loinc_num, gender, min_age, max_age, low_val, high_val, units) VALUES ('19926-5', 'F', 0.0, 999.9, '', '', '');
INSERT INTO test_ranges (loinc_num, gender, min_age, max_age, low_val, high_val, units) VALUES ('718-7', 'F', 0.0, 999.9, '12', '16', 'g/dL');
INSERT INTO test_ranges (loinc_num, gender, min_age, max_age, low_val, high_val, units) VALUES ('20509-6', 'F', 0.0, 999.9, '12', '16', 'g/dL');
INSERT INTO test_ranges (loinc_num, gender, min_age, max_age, low_val, high_val, units) VALUES ('4544-3', 'F', 0.0, 999.9, '37', '47', '%');
INSERT INTO test_ranges (loinc_num, gender, min_age, max_age, low_val, high_val, units) VALUES ('20570-8', 'F', 0.0, 999.9, '37', '47', '%');
INSERT INTO test_ranges (loinc_num, gender, min_age, max_age, low_val, high_val, units) VALUES ('31100-1', 'F', 0.0, 999.9, '37', '47', '%');
INSERT INTO test_ranges (loinc_num, gender, min_age, max_age, low_val, high_val, units) VALUES ('789-8', 'F', 0.0, 999.9, '4', '5.2', 'million/mm3');
INSERT INTO test_ranges (loinc_num, gender, min_age, max_age, low_val, high_val, units) VALUES ('30428-7', 'F', 0.0, 999.9, '82', '103', 'fL');
INSERT INTO test_ranges (loinc_num, gender, min_age, max_age, low_val, high_val, units) VALUES ('785-6', 'F', 0.0, 999.9, '26', '34', 'pg');
INSERT INTO test_ranges (loinc_num, gender, min_age, max_age, low_val, high_val, units) VALUES ('786-4', 'F', 0.0, 999.9, '30', '37', 'g/dL');
INSERT INTO test_ranges (loinc_num, gender, min_age, max_age, low_val, high_val, units) VALUES ('30385-9', 'F', 0.0, 999.9, '11.5', '14.5', '%');
INSERT INTO test_ranges (loinc_num, gender, min_age, max_age, low_val, high_val, units) VALUES ('26464-8', 'F', 0.0, 999.9, '4', '10', 'k/mm3');
INSERT INTO test_ranges (loinc_num, gender, min_age, max_age, low_val, high_val, units) VALUES ('770-8', 'F', 0.0, 999.9, '46', '78', '%');
INSERT INTO test_ranges (loinc_num, gender, min_age, max_age, low_val, high_val, units) VALUES ('26478-8', 'F', 0.0, 999.9, '18', '52', '%');
INSERT INTO test_ranges (loinc_num, gender, min_age, max_age, low_val, high_val, units) VALUES ('30180-4', 'F', 0.0, 999.9, '0', '3', '%');
INSERT INTO test_ranges (loinc_num, gender, min_age, max_age, low_val, high_val, units) VALUES ('26450-7', 'F', 0.0, 999.9, '0', '6', '%');
INSERT INTO test_ranges (loinc_num, gender, min_age, max_age, low_val, high_val, units) VALUES ('26485-3', 'F', 0.0, 999.9, '3', '10', '%');
INSERT INTO test_ranges (loinc_num, gender, min_age, max_age, low_val, high_val, units) VALUES ('4679-7', 'F', 0.0, 999.9, '0', '1', '%');
INSERT INTO test_ranges (loinc_num, gender, min_age, max_age, low_val, high_val, units) VALUES ('26515-7', 'F', 0.0, 999.9, '150', '399', 'k/cumm');
INSERT INTO test_ranges (loinc_num, gender, min_age, max_age, low_val, high_val, units) VALUES ('28542-9', 'F', 0.0, 999.9, '6.3', '9.6', 'fL');
INSERT INTO test_ranges (loinc_num, gender, min_age, max_age, low_val, high_val, units) VALUES ('32207-3', 'F', 0.0, 999.9, '', '', 'fL');
INSERT INTO test_ranges (loinc_num, gender, min_age, max_age, low_val, high_val, units) VALUES ('6742-1', 'F', 0.0, 999.9, '', '', '');
INSERT INTO test_ranges (loinc_num, gender, min_age, max_age, low_val, high_val, units) VALUES ('13945-1', 'F', 0.0, 999.9, '', '', '#/HPF');
INSERT INTO test_ranges (loinc_num, gender, min_age, max_age, low_val, high_val, units) VALUES ('735-1', 'F', 0.0, 999.9, '0', '0', '%');
INSERT INTO test_ranges (loinc_num, gender, min_age, max_age, low_val, high_val, units) VALUES ('738-5', 'F', 0.0, 999.9, '', '', '');
INSERT INTO test_ranges (loinc_num, gender, min_age, max_age, low_val, high_val, units) VALUES ('741-9', 'F', 0.0, 999.9, '', '', '');
INSERT INTO test_ranges (loinc_num, gender, min_age, max_age, low_val, high_val, units) VALUES ('774-0', 'F', 0.0, 999.9, '', '', '');
INSERT INTO test_ranges (loinc_num, gender, min_age, max_age, low_val, high_val, units) VALUES ('7791-7', 'F', 0.0, 999.9, '', '', '');
INSERT INTO test_ranges (loinc_num, gender, min_age, max_age, low_val, high_val, units) VALUES ('9317-9', 'F', 0.0, 999.9, '', '', '');
INSERT INTO test_ranges (loinc_num, gender, min_age, max_age, low_val, high_val, units) VALUES ('800-3', 'F', 0.0, 999.9, '', '', '');
INSERT INTO test_ranges (loinc_num, gender, min_age, max_age, low_val, high_val, units) VALUES ('802-9', 'F', 0.0, 999.9, '', '', '');
INSERT INTO test_ranges (loinc_num, gender, min_age, max_age, low_val, high_val, units) VALUES ('10378-8', 'F', 0.0, 999.9, '', '', '');
INSERT INTO test_ranges (loinc_num, gender, min_age, max_age, low_val, high_val, units) VALUES ('2498-4', 'F', 0.0, 999.9, '', '', 'ug/dL');
INSERT INTO test_ranges (loinc_num, gender, min_age, max_age, low_val, high_val, units) VALUES ('2500-7', 'F', 0.0, 999.9, '', '', 'ug/dL');
INSERT INTO test_ranges (loinc_num, gender, min_age, max_age, low_val, high_val, units) VALUES ('2501-5', 'F', 0.0, 999.9, '', '', 'ug/dL');
INSERT INTO test_ranges (loinc_num, gender, min_age, max_age, low_val, high_val, units) VALUES ('2502-3', 'F', 0.0, 999.9, '', '', '%');
INSERT INTO test_ranges (loinc_num, gender, min_age, max_age, low_val, high_val, units) VALUES ('2276-4', 'F', 0.0, 999.9, '', '', 'ng/mL');
INSERT INTO test_ranges (loinc_num, gender, min_age, max_age, low_val, high_val, units) VALUES ('2345-7', 'F', 0.0, 999.9, '60', '200', 'mg/dL');
INSERT INTO test_ranges (loinc_num, gender, min_age, max_age, low_val, high_val, units) VALUES ('2339-0', 'F', 0.0, 999.9, '60', '200', 'mg/dL');
INSERT INTO test_ranges (loinc_num, gender, min_age, max_age, low_val, high_val, units) VALUES ('41653-7', 'F', 0.0, 999.9, '60', '200', 'mg/dL');
INSERT INTO test_ranges (loinc_num, gender, min_age, max_age, low_val, high_val, units) VALUES ('32016-8', 'F', 0.0, 999.9, '60', '200', 'mg/dL');
INSERT INTO test_ranges (loinc_num, gender, min_age, max_age, low_val, high_val, units) VALUES ('4548-4', 'F', 0.0, 999.9, '3.9', '6.2', '%');
INSERT INTO test_ranges (loinc_num, gender, min_age, max_age, low_val, high_val, units) VALUES ('17856-6', 'F', 0.0, 999.9, '3.9', '6.2', '%');
INSERT INTO test_ranges (loinc_num, gender, min_age, max_age, low_val, high_val, units) VALUES ('17861-6', 'F', 0.0, 999.9, '8.7', '10.7', 'mg/dL');
INSERT INTO test_ranges (loinc_num, gender, min_age, max_age, low_val, high_val, units) VALUES ('49765-1', 'F', 0.0, 999.9, '', '', 'mg/dL');
INSERT INTO test_ranges (loinc_num, gender, min_age, max_age, low_val, high_val, units) VALUES ('2885-2', 'F', 0.0, 999.9, '6', '8.2', 'g/dL');
INSERT INTO test_ranges (loinc_num, gender, min_age, max_age, low_val, high_val, units) VALUES ('1751-7', 'F', 0.0, 999.9, '3.5', '5', 'g/dL');
INSERT INTO test_ranges (loinc_num, gender, min_age, max_age, low_val, high_val, units) VALUES ('10834-0', 'F', 0.0, 999.9, '', '', 'g/L');
INSERT INTO test_ranges (loinc_num, gender, min_age, max_age, low_val, high_val, units) VALUES ('1759-0', 'F', 0.0, 999.9, '', '', 'ratio');
INSERT INTO test_ranges (loinc_num, gender, min_age, max_age, low_val, high_val, units) VALUES ('2951-2', 'F', 0.0, 999.9, '137', '147', 'mmol/L');
INSERT INTO test_ranges (loinc_num, gender, min_age, max_age, low_val, high_val, units) VALUES ('2947-0', 'F', 0.0, 999.9, '137', '147', 'mmol/L');
INSERT INTO test_ranges (loinc_num, gender, min_age, max_age, low_val, high_val, units) VALUES ('2823-3', 'F', 0.0, 999.9, '3.4', '5.3', 'mmol/L');
INSERT INTO test_ranges (loinc_num, gender, min_age, max_age, low_val, high_val, units) VALUES ('6298-4', 'F', 0.0, 999.9, '3.4', '5.3', 'mmol/L');
INSERT INTO test_ranges (loinc_num, gender, min_age, max_age, low_val, high_val, units) VALUES ('2028-9', 'F', 0.0, 999.9, '22', '29', 'mmol/L');
INSERT INTO test_ranges (loinc_num, gender, min_age, max_age, low_val, high_val, units) VALUES ('20565-8', 'F', 0.0, 999.9, '22', '29', 'mmol/L');
INSERT INTO test_ranges (loinc_num, gender, min_age, max_age, low_val, high_val, units) VALUES ('1959-6', 'F', 0.0, 999.9, '22', '29', 'mmol/L');
INSERT INTO test_ranges (loinc_num, gender, min_age, max_age, low_val, high_val, units) VALUES ('14627-4', 'F', 0.0, 999.9, '22', '29', 'mmol/L');
INSERT INTO test_ranges (loinc_num, gender, min_age, max_age, low_val, high_val, units) VALUES ('2075-0', 'F', 0.0, 999.9, '99', '108', 'mmol/L');
INSERT INTO test_ranges (loinc_num, gender, min_age, max_age, low_val, high_val, units) VALUES ('2069-3', 'F', 0.0, 999.9, '99', '108', 'mmol/L');
INSERT INTO test_ranges (loinc_num, gender, min_age, max_age, low_val, high_val, units) VALUES ('3094-0', 'F', 0.0, 999.9, '8', '21', 'mg/dL');
INSERT INTO test_ranges (loinc_num, gender, min_age, max_age, low_val, high_val, units) VALUES ('6299-2', 'F', 0.0, 999.9, '8', '21', 'mg/dL');
INSERT INTO test_ranges (loinc_num, gender, min_age, max_age, low_val, high_val, units) VALUES ('2160-0', 'F', 0.0, 999.9, '0.65', '1', 'mg/dL');
INSERT INTO test_ranges (loinc_num, gender, min_age, max_age, low_val, high_val, units) VALUES ('38483-4', 'F', 0.0, 999.9, '0.65', '1', 'mg/dL');
INSERT INTO test_ranges (loinc_num, gender, min_age, max_age, low_val, high_val, units) VALUES ('3097-3', 'F', 0.0, 999.9, '', '', 'ratio');
INSERT INTO test_ranges (loinc_num, gender, min_age, max_age, low_val, high_val, units) VALUES ('6768-6', 'F', 0.0, 999.9, '30', '125', 'U/L');
INSERT INTO test_ranges (loinc_num, gender, min_age, max_age, low_val, high_val, units) VALUES ('1742-6', 'F', 0.0, 999.9, '0', '40', 'U/L');
INSERT INTO test_ranges (loinc_num, gender, min_age, max_age, low_val, high_val, units) VALUES ('1920-8', 'F', 0.0, 999.9, '3', '44', 'U/L');
INSERT INTO test_ranges (loinc_num, gender, min_age, max_age, low_val, high_val, units) VALUES ('1975-2', 'F', 0.0, 999.9, '0.2', '1.3', 'mg/dL');
INSERT INTO test_ranges (loinc_num, gender, min_age, max_age, low_val, high_val, units) VALUES ('5574-9', 'F', 0.0, 999.9, '', '', 'Ser/Plas');
INSERT INTO test_ranges (loinc_num, gender, min_age, max_age, low_val, high_val, units) VALUES ('1841-6', 'F', 0.0, 999.9, '11', '35', 'mcmol/L');
INSERT INTO test_ranges (loinc_num, gender, min_age, max_age, low_val, high_val, units) VALUES ('16362-6', 'F', 0.0, 999.9, '', '', 'mcmol/L');
INSERT INTO test_ranges (loinc_num, gender, min_age, max_age, low_val, high_val, units) VALUES ('5047-6', 'F', 0.0, 999.9, '', '', '[IU]/mL ');
INSERT INTO test_ranges (loinc_num, gender, min_age, max_age, low_val, high_val, units) VALUES ('10466-1', 'F', 0.0, 999.9, '0', '0', 'mmol/L');
INSERT INTO test_ranges (loinc_num, gender, min_age, max_age, low_val, high_val, units) VALUES ('40456-6', 'F', 0.0, 999.9, '', '', 'U');
INSERT INTO test_ranges (loinc_num, gender, min_age, max_age, low_val, high_val, units) VALUES ('38478-4', 'F', 0.0, 999.9, '0', '0', '');
INSERT INTO test_ranges (loinc_num, gender, min_age, max_age, low_val, high_val, units) VALUES ('30934-4', 'F', 0.0, 999.9, '0', '100', 'pg/mL');
INSERT INTO test_ranges (loinc_num, gender, min_age, max_age, low_val, high_val, units) VALUES ('1988-5', 'F', 0.0, 999.9, '', '', 'mg/dL');
INSERT INTO test_ranges (loinc_num, gender, min_age, max_age, low_val, high_val, units) VALUES ('30522-7', 'F', 0.0, 999.9, '0', '3', 'mg/dL');
INSERT INTO test_ranges (loinc_num, gender, min_age, max_age, low_val, high_val, units) VALUES ('1986-9', 'F', 0.0, 999.9, '', '', '');
INSERT INTO test_ranges (loinc_num, gender, min_age, max_age, low_val, high_val, units) VALUES ('1989-3', 'F', 0.0, 999.9, '', '', 'ng/mL');
INSERT INTO test_ranges (loinc_num, gender, min_age, max_age, low_val, high_val, units) VALUES ('2236-8', 'F', 0.0, 999.9, '', '', '');
INSERT INTO test_ranges (loinc_num, gender, min_age, max_age, low_val, high_val, units) VALUES ('1649-3', 'F', 0.0, 999.9, '', '', 'pg/mL');
INSERT INTO test_ranges (loinc_num, gender, min_age, max_age, low_val, high_val, units) VALUES ('2124-6', 'F', 0.0, 999.9, '', '', 'ug/L');
INSERT INTO test_ranges (loinc_num, gender, min_age, max_age, low_val, high_val, units) VALUES ('20563-3', 'F', 0.0, 999.9, '0', '2', '%');
INSERT INTO test_ranges (loinc_num, gender, min_age, max_age, low_val, high_val, units) VALUES ('4485-9', 'F', 0.0, 999.9, '', '', 'mg/dL');
INSERT INTO test_ranges (loinc_num, gender, min_age, max_age, low_val, high_val, units) VALUES ('4498-2', 'F', 0.0, 999.9, '', '', 'mg/dL');
INSERT INTO test_ranges (loinc_num, gender, min_age, max_age, low_val, high_val, units) VALUES ('4532-8', 'F', 0.0, 999.9, '', '', '{CAE''U}/mL');
INSERT INTO test_ranges (loinc_num, gender, min_age, max_age, low_val, high_val, units) VALUES ('2157-6', 'F', 0.0, 999.9, '10', '205', 'U/L');
INSERT INTO test_ranges (loinc_num, gender, min_age, max_age, low_val, high_val, units) VALUES ('13969-1', 'F', 0.0, 999.9, '', '', 'ng/mL');
INSERT INTO test_ranges (loinc_num, gender, min_age, max_age, low_val, high_val, units) VALUES ('49551-5', 'F', 0.0, 999.9, '', '', 'ng/mL');
INSERT INTO test_ranges (loinc_num, gender, min_age, max_age, low_val, high_val, units) VALUES ('20569-0', 'F', 0.0, 999.9, '0', '0', '%');
INSERT INTO test_ranges (loinc_num, gender, min_age, max_age, low_val, high_val, units) VALUES ('2158-4', 'F', 0.0, 999.9, '', '', '');
INSERT INTO test_ranges (loinc_num, gender, min_age, max_age, low_val, high_val, units) VALUES ('2284-8', 'F', 0.0, 999.9, '0', '0', 'ng/mL');
INSERT INTO test_ranges (loinc_num, gender, min_age, max_age, low_val, high_val, units) VALUES ('2324-2', 'F', 0.0, 999.9, '18', '61', 'U/L');
INSERT INTO test_ranges (loinc_num, gender, min_age, max_age, low_val, high_val, units) VALUES ('13955-0', 'F', 0.0, 999.9, '', '', '');
INSERT INTO test_ranges (loinc_num, gender, min_age, max_age, low_val, high_val, units) VALUES ('7917-8', 'F', 0.0, 999.9, '', '', '');
INSERT INTO test_ranges (loinc_num, gender, min_age, max_age, low_val, high_val, units) VALUES ('13965-9', 'F', 0.0, 999.9, '', '', 'mcmol/L');
INSERT INTO test_ranges (loinc_num, gender, min_age, max_age, low_val, high_val, units) VALUES ('2524-7', 'F', 0.0, 999.9, '0.4', '2', 'mmol/L');
INSERT INTO test_ranges (loinc_num, gender, min_age, max_age, low_val, high_val, units) VALUES ('19123-9', 'F', 0.0, 999.9, '1.6', '2.7', 'mg/dL');
INSERT INTO test_ranges (loinc_num, gender, min_age, max_age, low_val, high_val, units) VALUES ('2614-6', 'F', 0.0, 999.9, '0', '1.2', '%');
INSERT INTO test_ranges (loinc_num, gender, min_age, max_age, low_val, high_val, units) VALUES ('2777-1', 'F', 0.0, 999.9, '2.5', '4.6', 'mg/dL');
INSERT INTO test_ranges (loinc_num, gender, min_age, max_age, low_val, high_val, units) VALUES ('2857-1', 'F', 0.0, 999.9, '0', '0', 'ng/mL');
INSERT INTO test_ranges (loinc_num, gender, min_age, max_age, low_val, high_val, units) VALUES ('11572-5', 'F', 0.0, 999.9, '', '', '[IU]/mL ');
INSERT INTO test_ranges (loinc_num, gender, min_age, max_age, low_val, high_val, units) VALUES ('20507-0', 'F', 0.0, 999.9, '', '', '');
INSERT INTO test_ranges (loinc_num, gender, min_age, max_age, low_val, high_val, units) VALUES ('30341-2', 'F', 0.0, 999.9, '', '', 'mm/h');
INSERT INTO test_ranges (loinc_num, gender, min_age, max_age, low_val, high_val, units) VALUES ('4537-7', 'F', 0.0, 999.9, '', '', 'mm/h');
INSERT INTO test_ranges (loinc_num, gender, min_age, max_age, low_val, high_val, units) VALUES ('10839-9', 'F', 0.0, 999.9, '0', '10', 'ng/mL');
INSERT INTO test_ranges (loinc_num, gender, min_age, max_age, low_val, high_val, units) VALUES ('33325-2', 'F', 0.0, 999.9, '', '', 'ng/mL');
INSERT INTO test_ranges (loinc_num, gender, min_age, max_age, low_val, high_val, units) VALUES ('3066-8', 'F', 0.0, 999.9, '', '', 'ug/L');
INSERT INTO test_ranges (loinc_num, gender, min_age, max_age, low_val, high_val, units) VALUES ('3084-1', 'F', 0.0, 999.9, '2.6', '6.8', 'mg/dL');
INSERT INTO test_ranges (loinc_num, gender, min_age, max_age, low_val, high_val, units) VALUES ('2132-9', 'F', 0.0, 999.9, '', '', 'pg/mL');
INSERT INTO test_ranges (loinc_num, gender, min_age, max_age, low_val, high_val, units) VALUES ('16695-9', 'F', 0.0, 999.9, '', '', 'pg/mL');
INSERT INTO test_ranges (loinc_num, gender, min_age, max_age, low_val, high_val, units) VALUES ('10335-8', 'F', 0.0, 999.9, '', '', '');
INSERT INTO test_ranges (loinc_num, gender, min_age, max_age, low_val, high_val, units) VALUES ('2342-4', 'F', 0.0, 999.9, '40', '70', 'mg/dL');
INSERT INTO test_ranges (loinc_num, gender, min_age, max_age, low_val, high_val, units) VALUES ('26454-9', 'F', 0.0, 999.9, '0', '0', '#/mm3');
INSERT INTO test_ranges (loinc_num, gender, min_age, max_age, low_val, high_val, units) VALUES ('806-0', 'F', 0.0, 999.9, '0', '9', '#/mm3');
INSERT INTO test_ranges (loinc_num, gender, min_age, max_age, low_val, high_val, units) VALUES ('26475-4', 'F', 0.0, 999.9, '', '', '10*3/uL');
INSERT INTO test_ranges (loinc_num, gender, min_age, max_age, low_val, high_val, units) VALUES ('26486-1', 'F', 0.0, 999.9, '15', '45', '%');
INSERT INTO test_ranges (loinc_num, gender, min_age, max_age, low_val, high_val, units) VALUES ('2880-3', 'F', 0.0, 999.9, '15', '45', 'mg/dL');
INSERT INTO test_ranges (loinc_num, gender, min_age, max_age, low_val, high_val, units) VALUES ('20512-0', 'F', 0.0, 999.9, '', '', '');
INSERT INTO test_ranges (loinc_num, gender, min_age, max_age, low_val, high_val, units) VALUES ('34528-0', 'F', 0.0, 999.9, '0.83', '1.2', '');
INSERT INTO test_ranges (loinc_num, gender, min_age, max_age, low_val, high_val, units) VALUES ('3173-2', 'F', 0.0, 999.9, '23', '33', 's');
INSERT INTO test_ranges (loinc_num, gender, min_age, max_age, low_val, high_val, units) VALUES ('14979-9', 'F', 0.0, 999.9, '', '', 's');
INSERT INTO test_ranges (loinc_num, gender, min_age, max_age, low_val, high_val, units) VALUES ('3174-0', 'F', 0.0, 999.9, '', '', 'U/mL');
INSERT INTO test_ranges (loinc_num, gender, min_age, max_age, low_val, high_val, units) VALUES ('3184-9', 'F', 0.0, 999.9, '', '', 's');
INSERT INTO test_ranges (loinc_num, gender, min_age, max_age, low_val, high_val, units) VALUES ('48065-7', 'F', 0.0, 999.9, '0', '0.6', 'mg/L');
INSERT INTO test_ranges (loinc_num, gender, min_age, max_age, low_val, high_val, units) VALUES ('3255-7', 'F', 0.0, 999.9, '190', '395', 'mg/dL');
INSERT INTO test_ranges (loinc_num, gender, min_age, max_age, low_val, high_val, units) VALUES ('3243-3', 'F', 0.0, 999.9, '14.9', '19.8', 's');
INSERT INTO test_ranges (loinc_num, gender, min_age, max_age, low_val, high_val, units) VALUES ('3281-3', 'F', 0.0, 999.9, '', '', '');
INSERT INTO test_ranges (loinc_num, gender, min_age, max_age, low_val, high_val, units) VALUES ('11558-4', 'F', 0.0, 999.9, '7.35', '7.45', '');
INSERT INTO test_ranges (loinc_num, gender, min_age, max_age, low_val, high_val, units) VALUES ('11556-8', 'F', 0.0, 999.9, '80', '110', 'mm Hg');
INSERT INTO test_ranges (loinc_num, gender, min_age, max_age, low_val, high_val, units) VALUES ('11557-6', 'F', 0.0, 999.9, '35', '45', 'mm Hg');
INSERT INTO test_ranges (loinc_num, gender, min_age, max_age, low_val, high_val, units) VALUES ('11555-0', 'F', 0.0, 999.9, '0', '0', 'mmol/L');
INSERT INTO test_ranges (loinc_num, gender, min_age, max_age, low_val, high_val, units) VALUES ('2143-6', 'F', 0.0, 999.9, '0', '0', 'mcg/dL');
INSERT INTO test_ranges (loinc_num, gender, min_age, max_age, low_val, high_val, units) VALUES ('2243-4', 'F', 0.0, 999.9, '', '', 'ng/L');
INSERT INTO test_ranges (loinc_num, gender, min_age, max_age, low_val, high_val, units) VALUES ('15067-2', 'F', 0.0, 999.9, '', '', 'm[IU]/mL');
INSERT INTO test_ranges (loinc_num, gender, min_age, max_age, low_val, high_val, units) VALUES ('19080-1', 'F', 0.0, 999.9, '0', '6', 'mU/mL');
INSERT INTO test_ranges (loinc_num, gender, min_age, max_age, low_val, high_val, units) VALUES ('10501-5', 'F', 0.0, 999.9, '', '', 'm[IU]/mL');
INSERT INTO test_ranges (loinc_num, gender, min_age, max_age, low_val, high_val, units) VALUES ('2839-9', 'F', 0.0, 999.9, '', '', 'ng/mL');
INSERT INTO test_ranges (loinc_num, gender, min_age, max_age, low_val, high_val, units) VALUES ('49220-7', 'F', 0.0, 999.9, '2', '15', 'ng/mL');
INSERT INTO test_ranges (loinc_num, gender, min_age, max_age, low_val, high_val, units) VALUES ('2731-8', 'F', 0.0, 999.9, '', '', '');
INSERT INTO test_ranges (loinc_num, gender, min_age, max_age, low_val, high_val, units) VALUES ('2986-8', 'F', 0.0, 999.9, '', '', 'ng/dL');
INSERT INTO test_ranges (loinc_num, gender, min_age, max_age, low_val, high_val, units) VALUES ('2093-3', 'F', 0.0, 999.9, '0', '200', 'mg/dL');
INSERT INTO test_ranges (loinc_num, gender, min_age, max_age, low_val, high_val, units) VALUES ('2085-9', 'F', 0.0, 999.9, '>59', '', 'mg/dL');
INSERT INTO test_ranges (loinc_num, gender, min_age, max_age, low_val, high_val, units) VALUES ('18262-6', 'F', 0.0, 999.9, '', '<130', 'mg/dL');
INSERT INTO test_ranges (loinc_num, gender, min_age, max_age, low_val, high_val, units) VALUES ('13457-7', 'F', 0.0, 999.9, '', '', 'mg/dL');
INSERT INTO test_ranges (loinc_num, gender, min_age, max_age, low_val, high_val, units) VALUES ('2571-8', 'F', 0.0, 999.9, '30', '149', 'mg/dL');
INSERT INTO test_ranges (loinc_num, gender, min_age, max_age, low_val, high_val, units) VALUES ('2091-7', 'F', 0.0, 999.9, '', '', 'mg/dL');
INSERT INTO test_ranges (loinc_num, gender, min_age, max_age, low_val, high_val, units) VALUES ('13458-5', 'F', 0.0, 999.9, '', '', 'mg/dL');
INSERT INTO test_ranges (loinc_num, gender, min_age, max_age, low_val, high_val, units) VALUES ('43396-1', 'F', 0.0, 999.9, '', '', 'mg/dL');
INSERT INTO test_ranges (loinc_num, gender, min_age, max_age, low_val, high_val, units) VALUES ('62255-5', 'F', 0.0, 999.9, '', '', 'mg/dL');
INSERT INTO test_ranges (loinc_num, gender, min_age, max_age, low_val, high_val, units) VALUES ('6768-6', 'F', 0.0, 999.9, '30', '125', 'U/L');
INSERT INTO test_ranges (loinc_num, gender, min_age, max_age, low_val, high_val, units) VALUES ('1742-6', 'F', 0.0, 999.9, '0', '40', 'U/L');
INSERT INTO test_ranges (loinc_num, gender, min_age, max_age, low_val, high_val, units) VALUES ('1920-8', 'F', 0.0, 999.9, '3', '44', 'U/L');
INSERT INTO test_ranges (loinc_num, gender, min_age, max_age, low_val, high_val, units) VALUES ('1975-2', 'F', 0.0, 999.9, '0.2', '1.3', 'mg/dL');
INSERT INTO test_ranges (loinc_num, gender, min_age, max_age, low_val, high_val, units) VALUES ('1968-7', 'F', 0.0, 999.9, '0', '0.4', 'mg/dL');
INSERT INTO test_ranges (loinc_num, gender, min_age, max_age, low_val, high_val, units) VALUES ('1971-1', 'F', 0.0, 999.9, '', '', '');
INSERT INTO test_ranges (loinc_num, gender, min_age, max_age, low_val, high_val, units) VALUES ('2324-2', 'F', 0.0, 999.9, '18', '61', 'U/L');
INSERT INTO test_ranges (loinc_num, gender, min_age, max_age, low_val, high_val, units) VALUES ('3094-0', 'F', 0.0, 999.9, '8', '21', 'mg/dL');
INSERT INTO test_ranges (loinc_num, gender, min_age, max_age, low_val, high_val, units) VALUES ('6299-2', 'F', 0.0, 999.9, '8', '21', 'mg/dL');
INSERT INTO test_ranges (loinc_num, gender, min_age, max_age, low_val, high_val, units) VALUES ('2160-0', 'F', 0.0, 999.9, '0.65', '1', 'mg/dL');
INSERT INTO test_ranges (loinc_num, gender, min_age, max_age, low_val, high_val, units) VALUES ('38483-4', 'F', 0.0, 999.9, '0.65', '1', 'mg/dL');
INSERT INTO test_ranges (loinc_num, gender, min_age, max_age, low_val, high_val, units) VALUES ('3097-3', 'F', 0.0, 999.9, '', '', 'ratio');
INSERT INTO test_ranges (loinc_num, gender, min_age, max_age, low_val, high_val, units) VALUES ('33914-3', 'F', 0.0, 999.9, '', '', 'mL/min');
INSERT INTO test_ranges (loinc_num, gender, min_age, max_age, low_val, high_val, units) VALUES ('48642-3', 'F', 0.0, 999.9, '', '', 'mL/min');
INSERT INTO test_ranges (loinc_num, gender, min_age, max_age, low_val, high_val, units) VALUES ('50044-7', 'F', 0.0, 999.9, '', '', 'mL/min');
INSERT INTO test_ranges (loinc_num, gender, min_age, max_age, low_val, high_val, units) VALUES ('48643-1', 'F', 0.0, 999.9, '', '', 'mL/min');
INSERT INTO test_ranges (loinc_num, gender, min_age, max_age, low_val, high_val, units) VALUES ('11580-8', 'F', 0.0, 999.9, '0.35', '4.94', 'm[IU]/L');
INSERT INTO test_ranges (loinc_num, gender, min_age, max_age, low_val, high_val, units) VALUES ('3053-6', 'F', 0.0, 999.9, '0.6', '1.6', 'ng/mL');
INSERT INTO test_ranges (loinc_num, gender, min_age, max_age, low_val, high_val, units) VALUES ('3051-0', 'F', 0.0, 999.9, '1.7', '3.7', 'pg/mL');
INSERT INTO test_ranges (loinc_num, gender, min_age, max_age, low_val, high_val, units) VALUES ('3026-2', 'F', 0.0, 999.9, '4.9', '11.7', 'mcg/dL');
INSERT INTO test_ranges (loinc_num, gender, min_age, max_age, low_val, high_val, units) VALUES ('3024-7', 'F', 0.0, 999.9, '0.7', '1.5', 'ng/dL');
INSERT INTO test_ranges (loinc_num, gender, min_age, max_age, low_val, high_val, units) VALUES ('32215-6', 'F', 0.0, 999.9, '', '', 'Index');
INSERT INTO test_ranges (loinc_num, gender, min_age, max_age, low_val, high_val, units) VALUES ('9318-7', 'F', 0.0, 999.9, '0', '29', 'ug/mg Cr');
INSERT INTO test_ranges (loinc_num, gender, min_age, max_age, low_val, high_val, units) VALUES ('5767-9', 'F', 0.0, 999.9, '', '', '');
INSERT INTO test_ranges (loinc_num, gender, min_age, max_age, low_val, high_val, units) VALUES ('5769-5', 'F', 0.0, 999.9, '', '', '');
INSERT INTO test_ranges (loinc_num, gender, min_age, max_age, low_val, high_val, units) VALUES ('5770-3', 'F', 0.0, 999.9, 'neg', '', '');
INSERT INTO test_ranges (loinc_num, gender, min_age, max_age, low_val, high_val, units) VALUES ('9842-6', 'F', 0.0, 999.9, '0', '0', '#/LPF');
INSERT INTO test_ranges (loinc_num, gender, min_age, max_age, low_val, high_val, units) VALUES ('2078-4', 'F', 0.0, 999.9, '', '', 'mmol/L');
INSERT INTO test_ranges (loinc_num, gender, min_age, max_age, low_val, high_val, units) VALUES ('2161-8', 'F', 0.0, 999.9, '', '', 'mg/dL');
INSERT INTO test_ranges (loinc_num, gender, min_age, max_age, low_val, high_val, units) VALUES ('5792-7', 'F', 0.0, 999.9, 'neg', '', '');
INSERT INTO test_ranges (loinc_num, gender, min_age, max_age, low_val, high_val, units) VALUES ('20453-7', 'F', 0.0, 999.9, '', '', '');
INSERT INTO test_ranges (loinc_num, gender, min_age, max_age, low_val, high_val, units) VALUES ('2106-3', 'F', 0.0, 999.9, 'neg', '', '');
INSERT INTO test_ranges (loinc_num, gender, min_age, max_age, low_val, high_val, units) VALUES ('5796-8', 'F', 0.0, 999.9, '0', '2', '#/LPF');
INSERT INTO test_ranges (loinc_num, gender, min_age, max_age, low_val, high_val, units) VALUES ('33903-6', 'F', 0.0, 999.9, 'neg', '', '');
INSERT INTO test_ranges (loinc_num, gender, min_age, max_age, low_val, high_val, units) VALUES ('5799-2', 'F', 0.0, 999.9, 'neg', '', '');
INSERT INTO test_ranges (loinc_num, gender, min_age, max_age, low_val, high_val, units) VALUES ('58431-8', 'F', 0.0, 999.9, '', '', '');
INSERT INTO test_ranges (loinc_num, gender, min_age, max_age, low_val, high_val, units) VALUES ('8247-9', 'F', 0.0, 999.9, '', '', '');
INSERT INTO test_ranges (loinc_num, gender, min_age, max_age, low_val, high_val, units) VALUES ('5802-4', 'F', 0.0, 999.9, 'neg', '', '');
INSERT INTO test_ranges (loinc_num, gender, min_age, max_age, low_val, high_val, units) VALUES ('5794-3', 'F', 0.0, 999.9, 'neg', '', '');
INSERT INTO test_ranges (loinc_num, gender, min_age, max_age, low_val, high_val, units) VALUES ('5803-2', 'F', 0.0, 999.9, '5', '8', '');
INSERT INTO test_ranges (loinc_num, gender, min_age, max_age, low_val, high_val, units) VALUES ('2828-2', 'F', 0.0, 999.9, '', '', 'mmol/L');
INSERT INTO test_ranges (loinc_num, gender, min_age, max_age, low_val, high_val, units) VALUES ('5804-0', 'F', 0.0, 999.9, '0', '0', 'mg/dL');
INSERT INTO test_ranges (loinc_num, gender, min_age, max_age, low_val, high_val, units) VALUES ('5811-5', 'F', 0.0, 999.9, '1', '1.03', '');
INSERT INTO test_ranges (loinc_num, gender, min_age, max_age, low_val, high_val, units) VALUES ('12258-0', 'F', 0.0, 999.9, '', '', '');
INSERT INTO test_ranges (loinc_num, gender, min_age, max_age, low_val, high_val, units) VALUES ('5821-4', 'F', 0.0, 999.9, '0', '5', '#/HPF');
INSERT INTO tests_problems (loinc_num, snomed_cid, flag, panel_id, spec_id, fac_type_id, created_by) SELECT '718-7', '44054006', '', panel_id, spec_id, fac_type_id, 0 FROM panels, specialties, facility_types WHERE panel_name = 'Hematology' AND spec_name = 'NONE' AND fac_type_name = 'UNDEFINED';
INSERT INTO tests_problems (loinc_num, snomed_cid, flag, panel_id, spec_id, fac_type_id, created_by) SELECT '20509-6', '44054006', '', panel_id, spec_id, fac_type_id, 0 FROM panels, specialties, facility_types WHERE panel_name = 'Hematology' AND spec_name = 'NONE' AND fac_type_name = 'UNDEFINED';
INSERT INTO tests_problems (loinc_num, snomed_cid, flag, panel_id, spec_id, fac_type_id, created_by) SELECT '4544-3', '44054006', '', panel_id, spec_id, fac_type_id, 0 FROM panels, specialties, facility_types WHERE panel_name = 'Hematology' AND spec_name = 'NONE' AND fac_type_name = 'UNDEFINED';
INSERT INTO tests_problems (loinc_num, snomed_cid, flag, panel_id, spec_id, fac_type_id, created_by) SELECT '20570-8', '44054006', '', panel_id, spec_id, fac_type_id, 0 FROM panels, specialties, facility_types WHERE panel_name = 'Hematology' AND spec_name = 'NONE' AND fac_type_name = 'UNDEFINED';
INSERT INTO tests_problems (loinc_num, snomed_cid, flag, panel_id, spec_id, fac_type_id, created_by) SELECT '31100-1', '44054006', '', panel_id, spec_id, fac_type_id, 0 FROM panels, specialties, facility_types WHERE panel_name = 'Hematology' AND spec_name = 'NONE' AND fac_type_name = 'UNDEFINED';
INSERT INTO tests_problems (loinc_num, snomed_cid, flag, panel_id, spec_id, fac_type_id, created_by) SELECT '2345-7', '44054006', '', panel_id, spec_id, fac_type_id, 0 FROM panels, specialties, facility_types WHERE panel_name = 'Glucose' AND spec_name = 'NONE' AND fac_type_name = 'UNDEFINED';
INSERT INTO tests_problems (loinc_num, snomed_cid, flag, panel_id, spec_id, fac_type_id, created_by) SELECT '2339-0', '44054006', '', panel_id, spec_id, fac_type_id, 0 FROM panels, specialties, facility_types WHERE panel_name = 'Glucose' AND spec_name = 'NONE' AND fac_type_name = 'UNDEFINED';
INSERT INTO tests_problems (loinc_num, snomed_cid, flag, panel_id, spec_id, fac_type_id, created_by) SELECT '41653-7', '44054006', '', panel_id, spec_id, fac_type_id, 0 FROM panels, specialties, facility_types WHERE panel_name = 'Glucose' AND spec_name = 'NONE' AND fac_type_name = 'UNDEFINED';
INSERT INTO tests_problems (loinc_num, snomed_cid, flag, panel_id, spec_id, fac_type_id, created_by) SELECT '32016-8', '44054006', '', panel_id, spec_id, fac_type_id, 0 FROM panels, specialties, facility_types WHERE panel_name = 'Glucose' AND spec_name = 'NONE' AND fac_type_name = 'UNDEFINED';
INSERT INTO tests_problems (loinc_num, snomed_cid, flag, panel_id, spec_id, fac_type_id, created_by) SELECT '4548-4', '44054006', '', panel_id, spec_id, fac_type_id, 0 FROM panels, specialties, facility_types WHERE panel_name = 'Glucose' AND spec_name = 'NONE' AND fac_type_name = 'UNDEFINED';
INSERT INTO tests_problems (loinc_num, snomed_cid, flag, panel_id, spec_id, fac_type_id, created_by) SELECT '17856-6', '44054006', '', panel_id, spec_id, fac_type_id, 0 FROM panels, specialties, facility_types WHERE panel_name = 'Glucose' AND spec_name = 'NONE' AND fac_type_name = 'UNDEFINED';
INSERT INTO tests_problems (loinc_num, snomed_cid, flag, panel_id, spec_id, fac_type_id, created_by) SELECT '2951-2', '44054006', '', panel_id, spec_id, fac_type_id, 0 FROM panels, specialties, facility_types WHERE panel_name = 'Chem Panel (Ser/Plas/Bld)' AND spec_name = 'NONE' AND fac_type_name = 'UNDEFINED';
INSERT INTO tests_problems (loinc_num, snomed_cid, flag, panel_id, spec_id, fac_type_id, created_by) SELECT '2823-3', '44054006', '', panel_id, spec_id, fac_type_id, 0 FROM panels, specialties, facility_types WHERE panel_name = 'Chem Panel (Ser/Plas/Bld)' AND spec_name = 'NONE' AND fac_type_name = 'UNDEFINED';
INSERT INTO tests_problems (loinc_num, snomed_cid, flag, panel_id, spec_id, fac_type_id, created_by) SELECT '2028-9', '44054006', '', panel_id, spec_id, fac_type_id, 0 FROM panels, specialties, facility_types WHERE panel_name = 'Chem Panel (Ser/Plas/Bld)' AND spec_name = 'NONE' AND fac_type_name = 'UNDEFINED';
INSERT INTO tests_problems (loinc_num, snomed_cid, flag, panel_id, spec_id, fac_type_id, created_by) SELECT '2075-0', '44054006', '', panel_id, spec_id, fac_type_id, 0 FROM panels, specialties, facility_types WHERE panel_name = 'Chem Panel (Ser/Plas/Bld)' AND spec_name = 'NONE' AND fac_type_name = 'UNDEFINED';
INSERT INTO tests_problems (loinc_num, snomed_cid, flag, panel_id, spec_id, fac_type_id, created_by) SELECT '3094-0', '44054006', '', panel_id, spec_id, fac_type_id, 0 FROM panels, specialties, facility_types WHERE panel_name = 'Chem Panel (Ser/Plas/Bld)' AND spec_name = 'NONE' AND fac_type_name = 'UNDEFINED';
INSERT INTO tests_problems (loinc_num, snomed_cid, flag, panel_id, spec_id, fac_type_id, created_by) SELECT '2160-0', '44054006', '', panel_id, spec_id, fac_type_id, 0 FROM panels, specialties, facility_types WHERE panel_name = 'Chem Panel (Ser/Plas/Bld)' AND spec_name = 'NONE' AND fac_type_name = 'UNDEFINED';
INSERT INTO tests_problems (loinc_num, snomed_cid, flag, panel_id, spec_id, fac_type_id, created_by) SELECT '1989-3', '44054006', '', panel_id, spec_id, fac_type_id, 0 FROM panels, specialties, facility_types WHERE panel_name = 'Chem: Others' AND spec_name = 'NONE' AND fac_type_name = 'UNDEFINED';
INSERT INTO tests_problems (loinc_num, snomed_cid, flag, panel_id, spec_id, fac_type_id, created_by) SELECT '2093-3', '44054006', '', panel_id, spec_id, fac_type_id, 0 FROM panels, specialties, facility_types WHERE panel_name = 'Lipids' AND spec_name = 'NONE' AND fac_type_name = 'UNDEFINED';
INSERT INTO tests_problems (loinc_num, snomed_cid, flag, panel_id, spec_id, fac_type_id, created_by) SELECT '2085-9', '44054006', '', panel_id, spec_id, fac_type_id, 0 FROM panels, specialties, facility_types WHERE panel_name = 'Lipids' AND spec_name = 'NONE' AND fac_type_name = 'UNDEFINED';
INSERT INTO tests_problems (loinc_num, snomed_cid, flag, panel_id, spec_id, fac_type_id, created_by) SELECT '18262-6', '44054006', '', panel_id, spec_id, fac_type_id, 0 FROM panels, specialties, facility_types WHERE panel_name = 'Lipids' AND spec_name = 'NONE' AND fac_type_name = 'UNDEFINED';
INSERT INTO tests_problems (loinc_num, snomed_cid, flag, panel_id, spec_id, fac_type_id, created_by) SELECT '2571-8', '44054006', '', panel_id, spec_id, fac_type_id, 0 FROM panels, specialties, facility_types WHERE panel_name = 'Lipids' AND spec_name = 'NONE' AND fac_type_name = 'UNDEFINED';
INSERT INTO tests_problems (loinc_num, snomed_cid, flag, panel_id, spec_id, fac_type_id, created_by) SELECT '6768-6', '44054006', '', panel_id, spec_id, fac_type_id, 0 FROM panels, specialties, facility_types WHERE panel_name = 'Liver' AND spec_name = 'NONE' AND fac_type_name = 'UNDEFINED';
INSERT INTO tests_problems (loinc_num, snomed_cid, flag, panel_id, spec_id, fac_type_id, created_by) SELECT '1742-6', '44054006', '', panel_id, spec_id, fac_type_id, 0 FROM panels, specialties, facility_types WHERE panel_name = 'Liver' AND spec_name = 'NONE' AND fac_type_name = 'UNDEFINED';
INSERT INTO tests_problems (loinc_num, snomed_cid, flag, panel_id, spec_id, fac_type_id, created_by) SELECT '1920-8', '44054006', '', panel_id, spec_id, fac_type_id, 0 FROM panels, specialties, facility_types WHERE panel_name = 'Liver' AND spec_name = 'NONE' AND fac_type_name = 'UNDEFINED';
INSERT INTO tests_problems (loinc_num, snomed_cid, flag, panel_id, spec_id, fac_type_id, created_by) SELECT '5792-7', '44054006', '', panel_id, spec_id, fac_type_id, 0 FROM panels, specialties, facility_types WHERE panel_name = 'Urine' AND spec_name = 'NONE' AND fac_type_name = 'UNDEFINED';
INSERT INTO tests_problems (loinc_num, snomed_cid, flag, panel_id, spec_id, fac_type_id, created_by) SELECT '33903-6', '44054006', '', panel_id, spec_id, fac_type_id, 0 FROM panels, specialties, facility_types WHERE panel_name = 'Urine' AND spec_name = 'NONE' AND fac_type_name = 'UNDEFINED';
INSERT INTO tests_problems (loinc_num, snomed_cid, flag, panel_id, spec_id, fac_type_id, created_by) SELECT '58431-8', '44054006', '', panel_id, spec_id, fac_type_id, 0 FROM panels, specialties, facility_types WHERE panel_name = 'Urine' AND spec_name = 'NONE' AND fac_type_name = 'UNDEFINED';
INSERT INTO tests_problems (loinc_num, snomed_cid, flag, panel_id, spec_id, fac_type_id, created_by) SELECT '5804-0', '44054006', '', panel_id, spec_id, fac_type_id, 0 FROM panels, specialties, facility_types WHERE panel_name = 'Urine' AND spec_name = 'NONE' AND fac_type_name = 'UNDEFINED';
INSERT INTO tests_problems (loinc_num, snomed_cid, flag, panel_id, spec_id, fac_type_id, created_by) SELECT '5811-5', '44054006', '', panel_id, spec_id, fac_type_id, 0 FROM panels, specialties, facility_types WHERE panel_name = 'Urine' AND spec_name = 'NONE' AND fac_type_name = 'UNDEFINED';
INSERT INTO tests_problems (loinc_num, snomed_cid, flag, panel_id, spec_id, fac_type_id, created_by) SELECT '41935-8', '195967001', '', panel_id, spec_id, fac_type_id, 0 FROM panels, specialties, facility_types WHERE panel_name = 'Respiratory' AND spec_name = 'NONE' AND fac_type_name = 'UNDEFINED';
INSERT INTO tests_problems (loinc_num, snomed_cid, flag, panel_id, spec_id, fac_type_id, created_by) SELECT '71850-2', '195967001', '', panel_id, spec_id, fac_type_id, 0 FROM panels, specialties, facility_types WHERE panel_name = 'Respiratory' AND spec_name = 'NONE' AND fac_type_name = 'UNDEFINED';
INSERT INTO tests_problems (loinc_num, snomed_cid, flag, panel_id, spec_id, fac_type_id, created_by) SELECT '19868-9', '195967001', '', panel_id, spec_id, fac_type_id, 0 FROM panels, specialties, facility_types WHERE panel_name = 'Respiratory' AND spec_name = 'NONE' AND fac_type_name = 'UNDEFINED';
INSERT INTO tests_problems (loinc_num, snomed_cid, flag, panel_id, spec_id, fac_type_id, created_by) SELECT '20142-6', '195967001', '', panel_id, spec_id, fac_type_id, 0 FROM panels, specialties, facility_types WHERE panel_name = 'Respiratory' AND spec_name = 'NONE' AND fac_type_name = 'UNDEFINED';
INSERT INTO tests_problems (loinc_num, snomed_cid, flag, panel_id, spec_id, fac_type_id, created_by) SELECT '19926-5', '195967001', '', panel_id, spec_id, fac_type_id, 0 FROM panels, specialties, facility_types WHERE panel_name = 'Respiratory' AND spec_name = 'NONE' AND fac_type_name = 'UNDEFINED';
INSERT INTO tests_problems (loinc_num, snomed_cid, flag, panel_id, spec_id, fac_type_id, created_by) SELECT '718-7', '195967001', '', panel_id, spec_id, fac_type_id, 0 FROM panels, specialties, facility_types WHERE panel_name = 'Hematology' AND spec_name = 'NONE' AND fac_type_name = 'UNDEFINED';
INSERT INTO tests_problems (loinc_num, snomed_cid, flag, panel_id, spec_id, fac_type_id, created_by) SELECT '20509-6', '195967001', '', panel_id, spec_id, fac_type_id, 0 FROM panels, specialties, facility_types WHERE panel_name = 'Hematology' AND spec_name = 'NONE' AND fac_type_name = 'UNDEFINED';
INSERT INTO tests_problems (loinc_num, snomed_cid, flag, panel_id, spec_id, fac_type_id, created_by) SELECT '4544-3', '195967001', '', panel_id, spec_id, fac_type_id, 0 FROM panels, specialties, facility_types WHERE panel_name = 'Hematology' AND spec_name = 'NONE' AND fac_type_name = 'UNDEFINED';
INSERT INTO tests_problems (loinc_num, snomed_cid, flag, panel_id, spec_id, fac_type_id, created_by) SELECT '20570-8', '195967001', '', panel_id, spec_id, fac_type_id, 0 FROM panels, specialties, facility_types WHERE panel_name = 'Hematology' AND spec_name = 'NONE' AND fac_type_name = 'UNDEFINED';
INSERT INTO tests_problems (loinc_num, snomed_cid, flag, panel_id, spec_id, fac_type_id, created_by) SELECT '31100-1', '195967001', '', panel_id, spec_id, fac_type_id, 0 FROM panels, specialties, facility_types WHERE panel_name = 'Hematology' AND spec_name = 'NONE' AND fac_type_name = 'UNDEFINED';
INSERT INTO tests_problems (loinc_num, snomed_cid, flag, panel_id, spec_id, fac_type_id, created_by) SELECT '2951-2', '195967001', '', panel_id, spec_id, fac_type_id, 0 FROM panels, specialties, facility_types WHERE panel_name = 'Chem Panel (Ser/Plas/Bld)' AND spec_name = 'NONE' AND fac_type_name = 'UNDEFINED';
INSERT INTO tests_problems (loinc_num, snomed_cid, flag, panel_id, spec_id, fac_type_id, created_by) SELECT '2823-3', '195967001', '', panel_id, spec_id, fac_type_id, 0 FROM panels, specialties, facility_types WHERE panel_name = 'Chem Panel (Ser/Plas/Bld)' AND spec_name = 'NONE' AND fac_type_name = 'UNDEFINED';
INSERT INTO tests_problems (loinc_num, snomed_cid, flag, panel_id, spec_id, fac_type_id, created_by) SELECT '2028-9', '195967001', '', panel_id, spec_id, fac_type_id, 0 FROM panels, specialties, facility_types WHERE panel_name = 'Chem Panel (Ser/Plas/Bld)' AND spec_name = 'NONE' AND fac_type_name = 'UNDEFINED';
INSERT INTO tests_problems (loinc_num, snomed_cid, flag, panel_id, spec_id, fac_type_id, created_by) SELECT '2075-0', '195967001', '', panel_id, spec_id, fac_type_id, 0 FROM panels, specialties, facility_types WHERE panel_name = 'Chem Panel (Ser/Plas/Bld)' AND spec_name = 'NONE' AND fac_type_name = 'UNDEFINED';
INSERT INTO tests_problems (loinc_num, snomed_cid, flag, panel_id, spec_id, fac_type_id, created_by) SELECT '3094-0', '195967001', '', panel_id, spec_id, fac_type_id, 0 FROM panels, specialties, facility_types WHERE panel_name = 'Chem Panel (Ser/Plas/Bld)' AND spec_name = 'NONE' AND fac_type_name = 'UNDEFINED';
INSERT INTO tests_problems (loinc_num, snomed_cid, flag, panel_id, spec_id, fac_type_id, created_by) SELECT '2160-0', '195967001', '', panel_id, spec_id, fac_type_id, 0 FROM panels, specialties, facility_types WHERE panel_name = 'Chem Panel (Ser/Plas/Bld)' AND spec_name = 'NONE' AND fac_type_name = 'UNDEFINED';
INSERT INTO tests_problems (loinc_num, snomed_cid, flag, panel_id, spec_id, fac_type_id, created_by) SELECT '718-7', '40930008', '', panel_id, spec_id, fac_type_id, 0 FROM panels, specialties, facility_types WHERE panel_name = 'Hematology' AND spec_name = 'NONE' AND fac_type_name = 'UNDEFINED';
INSERT INTO tests_problems (loinc_num, snomed_cid, flag, panel_id, spec_id, fac_type_id, created_by) SELECT '20509-6', '40930008', '', panel_id, spec_id, fac_type_id, 0 FROM panels, specialties, facility_types WHERE panel_name = 'Hematology' AND spec_name = 'NONE' AND fac_type_name = 'UNDEFINED';
INSERT INTO tests_problems (loinc_num, snomed_cid, flag, panel_id, spec_id, fac_type_id, created_by) SELECT '4544-3', '40930008', '', panel_id, spec_id, fac_type_id, 0 FROM panels, specialties, facility_types WHERE panel_name = 'Hematology' AND spec_name = 'NONE' AND fac_type_name = 'UNDEFINED';
INSERT INTO tests_problems (loinc_num, snomed_cid, flag, panel_id, spec_id, fac_type_id, created_by) SELECT '20570-8', '40930008', '', panel_id, spec_id, fac_type_id, 0 FROM panels, specialties, facility_types WHERE panel_name = 'Hematology' AND spec_name = 'NONE' AND fac_type_name = 'UNDEFINED';
INSERT INTO tests_problems (loinc_num, snomed_cid, flag, panel_id, spec_id, fac_type_id, created_by) SELECT '31100-1', '40930008', '', panel_id, spec_id, fac_type_id, 0 FROM panels, specialties, facility_types WHERE panel_name = 'Hematology' AND spec_name = 'NONE' AND fac_type_name = 'UNDEFINED';
INSERT INTO tests_problems (loinc_num, snomed_cid, flag, panel_id, spec_id, fac_type_id, created_by) SELECT '2951-2', '40930008', '', panel_id, spec_id, fac_type_id, 0 FROM panels, specialties, facility_types WHERE panel_name = 'Chem Panel (Ser/Plas/Bld)' AND spec_name = 'NONE' AND fac_type_name = 'UNDEFINED';
INSERT INTO tests_problems (loinc_num, snomed_cid, flag, panel_id, spec_id, fac_type_id, created_by) SELECT '2823-3', '40930008', '', panel_id, spec_id, fac_type_id, 0 FROM panels, specialties, facility_types WHERE panel_name = 'Chem Panel (Ser/Plas/Bld)' AND spec_name = 'NONE' AND fac_type_name = 'UNDEFINED';
INSERT INTO tests_problems (loinc_num, snomed_cid, flag, panel_id, spec_id, fac_type_id, created_by) SELECT '2028-9', '40930008', '', panel_id, spec_id, fac_type_id, 0 FROM panels, specialties, facility_types WHERE panel_name = 'Chem Panel (Ser/Plas/Bld)' AND spec_name = 'NONE' AND fac_type_name = 'UNDEFINED';
INSERT INTO tests_problems (loinc_num, snomed_cid, flag, panel_id, spec_id, fac_type_id, created_by) SELECT '2075-0', '40930008', '', panel_id, spec_id, fac_type_id, 0 FROM panels, specialties, facility_types WHERE panel_name = 'Chem Panel (Ser/Plas/Bld)' AND spec_name = 'NONE' AND fac_type_name = 'UNDEFINED';
INSERT INTO tests_problems (loinc_num, snomed_cid, flag, panel_id, spec_id, fac_type_id, created_by) SELECT '3094-0', '40930008', '', panel_id, spec_id, fac_type_id, 0 FROM panels, specialties, facility_types WHERE panel_name = 'Chem Panel (Ser/Plas/Bld)' AND spec_name = 'NONE' AND fac_type_name = 'UNDEFINED';
INSERT INTO tests_problems (loinc_num, snomed_cid, flag, panel_id, spec_id, fac_type_id, created_by) SELECT '2160-0', '40930008', '', panel_id, spec_id, fac_type_id, 0 FROM panels, specialties, facility_types WHERE panel_name = 'Chem Panel (Ser/Plas/Bld)' AND spec_name = 'NONE' AND fac_type_name = 'UNDEFINED';
INSERT INTO tests_problems (loinc_num, snomed_cid, flag, panel_id, spec_id, fac_type_id, created_by) SELECT '2093-3', '40930008', '', panel_id, spec_id, fac_type_id, 0 FROM panels, specialties, facility_types WHERE panel_name = 'Lipids' AND spec_name = 'NONE' AND fac_type_name = 'UNDEFINED';
INSERT INTO tests_problems (loinc_num, snomed_cid, flag, panel_id, spec_id, fac_type_id, created_by) SELECT '2085-9', '40930008', '', panel_id, spec_id, fac_type_id, 0 FROM panels, specialties, facility_types WHERE panel_name = 'Lipids' AND spec_name = 'NONE' AND fac_type_name = 'UNDEFINED';
INSERT INTO tests_problems (loinc_num, snomed_cid, flag, panel_id, spec_id, fac_type_id, created_by) SELECT '18262-6', '40930008', '', panel_id, spec_id, fac_type_id, 0 FROM panels, specialties, facility_types WHERE panel_name = 'Lipids' AND spec_name = 'NONE' AND fac_type_name = 'UNDEFINED';
INSERT INTO tests_problems (loinc_num, snomed_cid, flag, panel_id, spec_id, fac_type_id, created_by) SELECT '2571-8', '40930008', '', panel_id, spec_id, fac_type_id, 0 FROM panels, specialties, facility_types WHERE panel_name = 'Lipids' AND spec_name = 'NONE' AND fac_type_name = 'UNDEFINED';
INSERT INTO tests_problems (loinc_num, snomed_cid, flag, panel_id, spec_id, fac_type_id, created_by) SELECT '11580-8', '40930008', '', panel_id, spec_id, fac_type_id, 0 FROM panels, specialties, facility_types WHERE panel_name = 'Thyroid' AND spec_name = 'NONE' AND fac_type_name = 'UNDEFINED';
INSERT INTO tests_problems (loinc_num, snomed_cid, flag, panel_id, spec_id, fac_type_id, created_by) SELECT '3051-0', '40930008', '', panel_id, spec_id, fac_type_id, 0 FROM panels, specialties, facility_types WHERE panel_name = 'Thyroid' AND spec_name = 'NONE' AND fac_type_name = 'UNDEFINED';
INSERT INTO tests_problems (loinc_num, snomed_cid, flag, panel_id, spec_id, fac_type_id, created_by) SELECT '3024-7', '40930008', '', panel_id, spec_id, fac_type_id, 0 FROM panels, specialties, facility_types WHERE panel_name = 'Thyroid' AND spec_name = 'NONE' AND fac_type_name = 'UNDEFINED';
INSERT INTO tests_problems (loinc_num, snomed_cid, flag, panel_id, spec_id, fac_type_id, created_by) SELECT '32215-6', '40930008', '', panel_id, spec_id, fac_type_id, 0 FROM panels, specialties, facility_types WHERE panel_name = 'Thyroid' AND spec_name = 'NONE' AND fac_type_name = 'UNDEFINED';
INSERT INTO tests_problems (loinc_num, snomed_cid, flag, panel_id, spec_id, fac_type_id, created_by) SELECT '718-7', '271737000', '', panel_id, spec_id, fac_type_id, 0 FROM panels, specialties, facility_types WHERE panel_name = 'Hematology' AND spec_name = 'NONE' AND fac_type_name = 'UNDEFINED';
INSERT INTO tests_problems (loinc_num, snomed_cid, flag, panel_id, spec_id, fac_type_id, created_by) SELECT '20509-6', '271737000', '', panel_id, spec_id, fac_type_id, 0 FROM panels, specialties, facility_types WHERE panel_name = 'Hematology' AND spec_name = 'NONE' AND fac_type_name = 'UNDEFINED';
INSERT INTO tests_problems (loinc_num, snomed_cid, flag, panel_id, spec_id, fac_type_id, created_by) SELECT '4544-3', '271737000', '', panel_id, spec_id, fac_type_id, 0 FROM panels, specialties, facility_types WHERE panel_name = 'Hematology' AND spec_name = 'NONE' AND fac_type_name = 'UNDEFINED';
INSERT INTO tests_problems (loinc_num, snomed_cid, flag, panel_id, spec_id, fac_type_id, created_by) SELECT '20570-8', '271737000', '', panel_id, spec_id, fac_type_id, 0 FROM panels, specialties, facility_types WHERE panel_name = 'Hematology' AND spec_name = 'NONE' AND fac_type_name = 'UNDEFINED';
INSERT INTO tests_problems (loinc_num, snomed_cid, flag, panel_id, spec_id, fac_type_id, created_by) SELECT '31100-1', '271737000', '', panel_id, spec_id, fac_type_id, 0 FROM panels, specialties, facility_types WHERE panel_name = 'Hematology' AND spec_name = 'NONE' AND fac_type_name = 'UNDEFINED';
INSERT INTO tests_problems (loinc_num, snomed_cid, flag, panel_id, spec_id, fac_type_id, created_by) SELECT '789-8', '271737000', '', panel_id, spec_id, fac_type_id, 0 FROM panels, specialties, facility_types WHERE panel_name = 'Hematology' AND spec_name = 'NONE' AND fac_type_name = 'UNDEFINED';
INSERT INTO tests_problems (loinc_num, snomed_cid, flag, panel_id, spec_id, fac_type_id, created_by) SELECT '30428-7', '271737000', '', panel_id, spec_id, fac_type_id, 0 FROM panels, specialties, facility_types WHERE panel_name = 'Hematology' AND spec_name = 'NONE' AND fac_type_name = 'UNDEFINED';
INSERT INTO tests_problems (loinc_num, snomed_cid, flag, panel_id, spec_id, fac_type_id, created_by) SELECT '785-6', '271737000', '', panel_id, spec_id, fac_type_id, 0 FROM panels, specialties, facility_types WHERE panel_name = 'Hematology' AND spec_name = 'NONE' AND fac_type_name = 'UNDEFINED';
INSERT INTO tests_problems (loinc_num, snomed_cid, flag, panel_id, spec_id, fac_type_id, created_by) SELECT '786-4', '271737000', '', panel_id, spec_id, fac_type_id, 0 FROM panels, specialties, facility_types WHERE panel_name = 'Hematology' AND spec_name = 'NONE' AND fac_type_name = 'UNDEFINED';
INSERT INTO tests_problems (loinc_num, snomed_cid, flag, panel_id, spec_id, fac_type_id, created_by) SELECT '30385-9', '271737000', '', panel_id, spec_id, fac_type_id, 0 FROM panels, specialties, facility_types WHERE panel_name = 'Hematology' AND spec_name = 'NONE' AND fac_type_name = 'UNDEFINED';
INSERT INTO tests_problems (loinc_num, snomed_cid, flag, panel_id, spec_id, fac_type_id, created_by) SELECT '4679-7', '271737000', '', panel_id, spec_id, fac_type_id, 0 FROM panels, specialties, facility_types WHERE panel_name = 'Hematology' AND spec_name = 'NONE' AND fac_type_name = 'UNDEFINED';
INSERT INTO tests_problems (loinc_num, snomed_cid, flag, panel_id, spec_id, fac_type_id, created_by) SELECT '2498-4', '271737000', '', panel_id, spec_id, fac_type_id, 0 FROM panels, specialties, facility_types WHERE panel_name = 'Hematology' AND spec_name = 'NONE' AND fac_type_name = 'UNDEFINED';
INSERT INTO tests_problems (loinc_num, snomed_cid, flag, panel_id, spec_id, fac_type_id, created_by) SELECT '2500-7', '271737000', '', panel_id, spec_id, fac_type_id, 0 FROM panels, specialties, facility_types WHERE panel_name = 'Hematology' AND spec_name = 'NONE' AND fac_type_name = 'UNDEFINED';
INSERT INTO tests_problems (loinc_num, snomed_cid, flag, panel_id, spec_id, fac_type_id, created_by) SELECT '2501-5', '271737000', '', panel_id, spec_id, fac_type_id, 0 FROM panels, specialties, facility_types WHERE panel_name = 'Hematology' AND spec_name = 'NONE' AND fac_type_name = 'UNDEFINED';
INSERT INTO tests_problems (loinc_num, snomed_cid, flag, panel_id, spec_id, fac_type_id, created_by) SELECT '2502-3', '271737000', '', panel_id, spec_id, fac_type_id, 0 FROM panels, specialties, facility_types WHERE panel_name = 'Hematology' AND spec_name = 'NONE' AND fac_type_name = 'UNDEFINED';
INSERT INTO tests_problems (loinc_num, snomed_cid, flag, panel_id, spec_id, fac_type_id, created_by) SELECT '2276-4', '271737000', '', panel_id, spec_id, fac_type_id, 0 FROM panels, specialties, facility_types WHERE panel_name = 'Hematology' AND spec_name = 'NONE' AND fac_type_name = 'UNDEFINED';
INSERT INTO tests_problems (loinc_num, snomed_cid, flag, panel_id, spec_id, fac_type_id, created_by) SELECT '2951-2', '271737000', '', panel_id, spec_id, fac_type_id, 0 FROM panels, specialties, facility_types WHERE panel_name = 'Chem Panel (Ser/Plas/Bld)' AND spec_name = 'NONE' AND fac_type_name = 'UNDEFINED';
INSERT INTO tests_problems (loinc_num, snomed_cid, flag, panel_id, spec_id, fac_type_id, created_by) SELECT '2823-3', '271737000', '', panel_id, spec_id, fac_type_id, 0 FROM panels, specialties, facility_types WHERE panel_name = 'Chem Panel (Ser/Plas/Bld)' AND spec_name = 'NONE' AND fac_type_name = 'UNDEFINED';
INSERT INTO tests_problems (loinc_num, snomed_cid, flag, panel_id, spec_id, fac_type_id, created_by) SELECT '2028-9', '271737000', '', panel_id, spec_id, fac_type_id, 0 FROM panels, specialties, facility_types WHERE panel_name = 'Chem Panel (Ser/Plas/Bld)' AND spec_name = 'NONE' AND fac_type_name = 'UNDEFINED';
INSERT INTO tests_problems (loinc_num, snomed_cid, flag, panel_id, spec_id, fac_type_id, created_by) SELECT '2075-0', '271737000', '', panel_id, spec_id, fac_type_id, 0 FROM panels, specialties, facility_types WHERE panel_name = 'Chem Panel (Ser/Plas/Bld)' AND spec_name = 'NONE' AND fac_type_name = 'UNDEFINED';
INSERT INTO tests_problems (loinc_num, snomed_cid, flag, panel_id, spec_id, fac_type_id, created_by) SELECT '3094-0', '271737000', '', panel_id, spec_id, fac_type_id, 0 FROM panels, specialties, facility_types WHERE panel_name = 'Chem Panel (Ser/Plas/Bld)' AND spec_name = 'NONE' AND fac_type_name = 'UNDEFINED';
INSERT INTO tests_problems (loinc_num, snomed_cid, flag, panel_id, spec_id, fac_type_id, created_by) SELECT '2160-0', '271737000', '', panel_id, spec_id, fac_type_id, 0 FROM panels, specialties, facility_types WHERE panel_name = 'Chem Panel (Ser/Plas/Bld)' AND spec_name = 'NONE' AND fac_type_name = 'UNDEFINED';
INSERT INTO tests_problems (loinc_num, snomed_cid, flag, panel_id, spec_id, fac_type_id, created_by) SELECT '2284-8', '271737000', '', panel_id, spec_id, fac_type_id, 0 FROM panels, specialties, facility_types WHERE panel_name = 'Chem: Others' AND spec_name = 'NONE' AND fac_type_name = 'UNDEFINED';
INSERT INTO tests_problems (loinc_num, snomed_cid, flag, panel_id, spec_id, fac_type_id, created_by) SELECT '2132-9', '271737000', '', panel_id, spec_id, fac_type_id, 0 FROM panels, specialties, facility_types WHERE panel_name = 'Chem: Others' AND spec_name = 'NONE' AND fac_type_name = 'UNDEFINED';
INSERT INTO tests_problems (loinc_num, snomed_cid, flag, panel_id, spec_id, fac_type_id, created_by) SELECT '6768-6', '271737000', '', panel_id, spec_id, fac_type_id, 0 FROM panels, specialties, facility_types WHERE panel_name = 'Liver' AND spec_name = 'NONE' AND fac_type_name = 'UNDEFINED';
INSERT INTO tests_problems (loinc_num, snomed_cid, flag, panel_id, spec_id, fac_type_id, created_by) SELECT '1742-6', '271737000', '', panel_id, spec_id, fac_type_id, 0 FROM panels, specialties, facility_types WHERE panel_name = 'Liver' AND spec_name = 'NONE' AND fac_type_name = 'UNDEFINED';
INSERT INTO tests_problems (loinc_num, snomed_cid, flag, panel_id, spec_id, fac_type_id, created_by) SELECT '1920-8', '271737000', '', panel_id, spec_id, fac_type_id, 0 FROM panels, specialties, facility_types WHERE panel_name = 'Liver' AND spec_name = 'NONE' AND fac_type_name = 'UNDEFINED';
INSERT INTO test_orders (panel_id, tp_id, entity_type_id, entity_id, spec_id, order_val, hide) SELECT panels.panel_id, tp_id, entity_type_id, 0, specialties.spec_id, 5001, false FROM panels, tests_problems, entity_types, specialties, facility_types WHERE panels.panel_name = 'Hematology' AND tests_problems.loinc_num = '718-7' AND tests_problems.snomed_cid = '44054006' AND tests_problems.panel_id = panels.panel_id AND tests_problems.spec_id = specialties.spec_id AND tests_problems.fac_type_id = facility_types.fac_type_id AND entity_types.entity_type_name = 'seed' AND specialties.spec_name = 'NONE' AND facility_types.fac_type_name = 'UNDEFINED';
INSERT INTO test_orders (panel_id, tp_id, entity_type_id, entity_id, spec_id, order_val, hide) SELECT panels.panel_id, tp_id, entity_type_id, 0, specialties.spec_id, 5002, false FROM panels, tests_problems, entity_types, specialties, facility_types WHERE panels.panel_name = 'Hematology' AND tests_problems.loinc_num = '20509-6' AND tests_problems.snomed_cid = '44054006' AND tests_problems.panel_id = panels.panel_id AND tests_problems.spec_id = specialties.spec_id AND tests_problems.fac_type_id = facility_types.fac_type_id AND entity_types.entity_type_name = 'seed' AND specialties.spec_name = 'NONE' AND facility_types.fac_type_name = 'UNDEFINED';
INSERT INTO test_orders (panel_id, tp_id, entity_type_id, entity_id, spec_id, order_val, hide) SELECT panels.panel_id, tp_id, entity_type_id, 0, specialties.spec_id, 5003, false FROM panels, tests_problems, entity_types, specialties, facility_types WHERE panels.panel_name = 'Hematology' AND tests_problems.loinc_num = '4544-3' AND tests_problems.snomed_cid = '44054006' AND tests_problems.panel_id = panels.panel_id AND tests_problems.spec_id = specialties.spec_id AND tests_problems.fac_type_id = facility_types.fac_type_id AND entity_types.entity_type_name = 'seed' AND specialties.spec_name = 'NONE' AND facility_types.fac_type_name = 'UNDEFINED';
INSERT INTO test_orders (panel_id, tp_id, entity_type_id, entity_id, spec_id, order_val, hide) SELECT panels.panel_id, tp_id, entity_type_id, 0, specialties.spec_id, 5004, false FROM panels, tests_problems, entity_types, specialties, facility_types WHERE panels.panel_name = 'Hematology' AND tests_problems.loinc_num = '20570-8' AND tests_problems.snomed_cid = '44054006' AND tests_problems.panel_id = panels.panel_id AND tests_problems.spec_id = specialties.spec_id AND tests_problems.fac_type_id = facility_types.fac_type_id AND entity_types.entity_type_name = 'seed' AND specialties.spec_name = 'NONE' AND facility_types.fac_type_name = 'UNDEFINED';
INSERT INTO test_orders (panel_id, tp_id, entity_type_id, entity_id, spec_id, order_val, hide) SELECT panels.panel_id, tp_id, entity_type_id, 0, specialties.spec_id, 5005, false FROM panels, tests_problems, entity_types, specialties, facility_types WHERE panels.panel_name = 'Hematology' AND tests_problems.loinc_num = '31100-1' AND tests_problems.snomed_cid = '44054006' AND tests_problems.panel_id = panels.panel_id AND tests_problems.spec_id = specialties.spec_id AND tests_problems.fac_type_id = facility_types.fac_type_id AND entity_types.entity_type_name = 'seed' AND specialties.spec_name = 'NONE' AND facility_types.fac_type_name = 'UNDEFINED';
INSERT INTO test_orders (panel_id, tp_id, entity_type_id, entity_id, spec_id, order_val, hide) SELECT panels.panel_id, tp_id, entity_type_id, 0, specialties.spec_id, 5001, false FROM panels, tests_problems, entity_types, specialties, facility_types WHERE panels.panel_name = 'Glucose' AND tests_problems.loinc_num = '2345-7' AND tests_problems.snomed_cid = '44054006' AND tests_problems.panel_id = panels.panel_id AND tests_problems.spec_id = specialties.spec_id AND tests_problems.fac_type_id = facility_types.fac_type_id AND entity_types.entity_type_name = 'seed' AND specialties.spec_name = 'NONE' AND facility_types.fac_type_name = 'UNDEFINED';
INSERT INTO test_orders (panel_id, tp_id, entity_type_id, entity_id, spec_id, order_val, hide) SELECT panels.panel_id, tp_id, entity_type_id, 0, specialties.spec_id, 5002, false FROM panels, tests_problems, entity_types, specialties, facility_types WHERE panels.panel_name = 'Glucose' AND tests_problems.loinc_num = '2339-0' AND tests_problems.snomed_cid = '44054006' AND tests_problems.panel_id = panels.panel_id AND tests_problems.spec_id = specialties.spec_id AND tests_problems.fac_type_id = facility_types.fac_type_id AND entity_types.entity_type_name = 'seed' AND specialties.spec_name = 'NONE' AND facility_types.fac_type_name = 'UNDEFINED';
INSERT INTO test_orders (panel_id, tp_id, entity_type_id, entity_id, spec_id, order_val, hide) SELECT panels.panel_id, tp_id, entity_type_id, 0, specialties.spec_id, 5003, false FROM panels, tests_problems, entity_types, specialties, facility_types WHERE panels.panel_name = 'Glucose' AND tests_problems.loinc_num = '41653-7' AND tests_problems.snomed_cid = '44054006' AND tests_problems.panel_id = panels.panel_id AND tests_problems.spec_id = specialties.spec_id AND tests_problems.fac_type_id = facility_types.fac_type_id AND entity_types.entity_type_name = 'seed' AND specialties.spec_name = 'NONE' AND facility_types.fac_type_name = 'UNDEFINED';
INSERT INTO test_orders (panel_id, tp_id, entity_type_id, entity_id, spec_id, order_val, hide) SELECT panels.panel_id, tp_id, entity_type_id, 0, specialties.spec_id, 5004, false FROM panels, tests_problems, entity_types, specialties, facility_types WHERE panels.panel_name = 'Glucose' AND tests_problems.loinc_num = '32016-8' AND tests_problems.snomed_cid = '44054006' AND tests_problems.panel_id = panels.panel_id AND tests_problems.spec_id = specialties.spec_id AND tests_problems.fac_type_id = facility_types.fac_type_id AND entity_types.entity_type_name = 'seed' AND specialties.spec_name = 'NONE' AND facility_types.fac_type_name = 'UNDEFINED';
INSERT INTO test_orders (panel_id, tp_id, entity_type_id, entity_id, spec_id, order_val, hide) SELECT panels.panel_id, tp_id, entity_type_id, 0, specialties.spec_id, 5005, false FROM panels, tests_problems, entity_types, specialties, facility_types WHERE panels.panel_name = 'Glucose' AND tests_problems.loinc_num = '4548-4' AND tests_problems.snomed_cid = '44054006' AND tests_problems.panel_id = panels.panel_id AND tests_problems.spec_id = specialties.spec_id AND tests_problems.fac_type_id = facility_types.fac_type_id AND entity_types.entity_type_name = 'seed' AND specialties.spec_name = 'NONE' AND facility_types.fac_type_name = 'UNDEFINED';
INSERT INTO test_orders (panel_id, tp_id, entity_type_id, entity_id, spec_id, order_val, hide) SELECT panels.panel_id, tp_id, entity_type_id, 0, specialties.spec_id, 5006, false FROM panels, tests_problems, entity_types, specialties, facility_types WHERE panels.panel_name = 'Glucose' AND tests_problems.loinc_num = '17856-6' AND tests_problems.snomed_cid = '44054006' AND tests_problems.panel_id = panels.panel_id AND tests_problems.spec_id = specialties.spec_id AND tests_problems.fac_type_id = facility_types.fac_type_id AND entity_types.entity_type_name = 'seed' AND specialties.spec_name = 'NONE' AND facility_types.fac_type_name = 'UNDEFINED';
INSERT INTO test_orders (panel_id, tp_id, entity_type_id, entity_id, spec_id, order_val, hide) SELECT panels.panel_id, tp_id, entity_type_id, 0, specialties.spec_id, 5013, false FROM panels, tests_problems, entity_types, specialties, facility_types WHERE panels.panel_name = 'Chem Panel (Ser/Plas/Bld)' AND tests_problems.loinc_num = '2951-2' AND tests_problems.snomed_cid = '44054006' AND tests_problems.panel_id = panels.panel_id AND tests_problems.spec_id = specialties.spec_id AND tests_problems.fac_type_id = facility_types.fac_type_id AND entity_types.entity_type_name = 'seed' AND specialties.spec_name = 'NONE' AND facility_types.fac_type_name = 'UNDEFINED';
INSERT INTO test_orders (panel_id, tp_id, entity_type_id, entity_id, spec_id, order_val, hide) SELECT panels.panel_id, tp_id, entity_type_id, 0, specialties.spec_id, 5015, false FROM panels, tests_problems, entity_types, specialties, facility_types WHERE panels.panel_name = 'Chem Panel (Ser/Plas/Bld)' AND tests_problems.loinc_num = '2823-3' AND tests_problems.snomed_cid = '44054006' AND tests_problems.panel_id = panels.panel_id AND tests_problems.spec_id = specialties.spec_id AND tests_problems.fac_type_id = facility_types.fac_type_id AND entity_types.entity_type_name = 'seed' AND specialties.spec_name = 'NONE' AND facility_types.fac_type_name = 'UNDEFINED';
INSERT INTO test_orders (panel_id, tp_id, entity_type_id, entity_id, spec_id, order_val, hide) SELECT panels.panel_id, tp_id, entity_type_id, 0, specialties.spec_id, 5017, false FROM panels, tests_problems, entity_types, specialties, facility_types WHERE panels.panel_name = 'Chem Panel (Ser/Plas/Bld)' AND tests_problems.loinc_num = '2028-9' AND tests_problems.snomed_cid = '44054006' AND tests_problems.panel_id = panels.panel_id AND tests_problems.spec_id = specialties.spec_id AND tests_problems.fac_type_id = facility_types.fac_type_id AND entity_types.entity_type_name = 'seed' AND specialties.spec_name = 'NONE' AND facility_types.fac_type_name = 'UNDEFINED';
INSERT INTO test_orders (panel_id, tp_id, entity_type_id, entity_id, spec_id, order_val, hide) SELECT panels.panel_id, tp_id, entity_type_id, 0, specialties.spec_id, 5021, false FROM panels, tests_problems, entity_types, specialties, facility_types WHERE panels.panel_name = 'Chem Panel (Ser/Plas/Bld)' AND tests_problems.loinc_num = '2075-0' AND tests_problems.snomed_cid = '44054006' AND tests_problems.panel_id = panels.panel_id AND tests_problems.spec_id = specialties.spec_id AND tests_problems.fac_type_id = facility_types.fac_type_id AND entity_types.entity_type_name = 'seed' AND specialties.spec_name = 'NONE' AND facility_types.fac_type_name = 'UNDEFINED';
INSERT INTO test_orders (panel_id, tp_id, entity_type_id, entity_id, spec_id, order_val, hide) SELECT panels.panel_id, tp_id, entity_type_id, 0, specialties.spec_id, 5023, false FROM panels, tests_problems, entity_types, specialties, facility_types WHERE panels.panel_name = 'Chem Panel (Ser/Plas/Bld)' AND tests_problems.loinc_num = '3094-0' AND tests_problems.snomed_cid = '44054006' AND tests_problems.panel_id = panels.panel_id AND tests_problems.spec_id = specialties.spec_id AND tests_problems.fac_type_id = facility_types.fac_type_id AND entity_types.entity_type_name = 'seed' AND specialties.spec_name = 'NONE' AND facility_types.fac_type_name = 'UNDEFINED';
INSERT INTO test_orders (panel_id, tp_id, entity_type_id, entity_id, spec_id, order_val, hide) SELECT panels.panel_id, tp_id, entity_type_id, 0, specialties.spec_id, 5025, false FROM panels, tests_problems, entity_types, specialties, facility_types WHERE panels.panel_name = 'Chem Panel (Ser/Plas/Bld)' AND tests_problems.loinc_num = '2160-0' AND tests_problems.snomed_cid = '44054006' AND tests_problems.panel_id = panels.panel_id AND tests_problems.spec_id = specialties.spec_id AND tests_problems.fac_type_id = facility_types.fac_type_id AND entity_types.entity_type_name = 'seed' AND specialties.spec_name = 'NONE' AND facility_types.fac_type_name = 'UNDEFINED';
INSERT INTO test_orders (panel_id, tp_id, entity_type_id, entity_id, spec_id, order_val, hide) SELECT panels.panel_id, tp_id, entity_type_id, 0, specialties.spec_id, 5013, false FROM panels, tests_problems, entity_types, specialties, facility_types WHERE panels.panel_name = 'Chem: Others' AND tests_problems.loinc_num = '1989-3' AND tests_problems.snomed_cid = '44054006' AND tests_problems.panel_id = panels.panel_id AND tests_problems.spec_id = specialties.spec_id AND tests_problems.fac_type_id = facility_types.fac_type_id AND entity_types.entity_type_name = 'seed' AND specialties.spec_name = 'NONE' AND facility_types.fac_type_name = 'UNDEFINED';
INSERT INTO test_orders (panel_id, tp_id, entity_type_id, entity_id, spec_id, order_val, hide) SELECT panels.panel_id, tp_id, entity_type_id, 0, specialties.spec_id, 5001, false FROM panels, tests_problems, entity_types, specialties, facility_types WHERE panels.panel_name = 'Lipids' AND tests_problems.loinc_num = '2093-3' AND tests_problems.snomed_cid = '44054006' AND tests_problems.panel_id = panels.panel_id AND tests_problems.spec_id = specialties.spec_id AND tests_problems.fac_type_id = facility_types.fac_type_id AND entity_types.entity_type_name = 'seed' AND specialties.spec_name = 'NONE' AND facility_types.fac_type_name = 'UNDEFINED';
INSERT INTO test_orders (panel_id, tp_id, entity_type_id, entity_id, spec_id, order_val, hide) SELECT panels.panel_id, tp_id, entity_type_id, 0, specialties.spec_id, 5002, false FROM panels, tests_problems, entity_types, specialties, facility_types WHERE panels.panel_name = 'Lipids' AND tests_problems.loinc_num = '2085-9' AND tests_problems.snomed_cid = '44054006' AND tests_problems.panel_id = panels.panel_id AND tests_problems.spec_id = specialties.spec_id AND tests_problems.fac_type_id = facility_types.fac_type_id AND entity_types.entity_type_name = 'seed' AND specialties.spec_name = 'NONE' AND facility_types.fac_type_name = 'UNDEFINED';
INSERT INTO test_orders (panel_id, tp_id, entity_type_id, entity_id, spec_id, order_val, hide) SELECT panels.panel_id, tp_id, entity_type_id, 0, specialties.spec_id, 5003, false FROM panels, tests_problems, entity_types, specialties, facility_types WHERE panels.panel_name = 'Lipids' AND tests_problems.loinc_num = '18262-6' AND tests_problems.snomed_cid = '44054006' AND tests_problems.panel_id = panels.panel_id AND tests_problems.spec_id = specialties.spec_id AND tests_problems.fac_type_id = facility_types.fac_type_id AND entity_types.entity_type_name = 'seed' AND specialties.spec_name = 'NONE' AND facility_types.fac_type_name = 'UNDEFINED';
INSERT INTO test_orders (panel_id, tp_id, entity_type_id, entity_id, spec_id, order_val, hide) SELECT panels.panel_id, tp_id, entity_type_id, 0, specialties.spec_id, 5005, false FROM panels, tests_problems, entity_types, specialties, facility_types WHERE panels.panel_name = 'Lipids' AND tests_problems.loinc_num = '2571-8' AND tests_problems.snomed_cid = '44054006' AND tests_problems.panel_id = panels.panel_id AND tests_problems.spec_id = specialties.spec_id AND tests_problems.fac_type_id = facility_types.fac_type_id AND entity_types.entity_type_name = 'seed' AND specialties.spec_name = 'NONE' AND facility_types.fac_type_name = 'UNDEFINED';
INSERT INTO test_orders (panel_id, tp_id, entity_type_id, entity_id, spec_id, order_val, hide) SELECT panels.panel_id, tp_id, entity_type_id, 0, specialties.spec_id, 5001, false FROM panels, tests_problems, entity_types, specialties, facility_types WHERE panels.panel_name = 'Liver' AND tests_problems.loinc_num = '6768-6' AND tests_problems.snomed_cid = '44054006' AND tests_problems.panel_id = panels.panel_id AND tests_problems.spec_id = specialties.spec_id AND tests_problems.fac_type_id = facility_types.fac_type_id AND entity_types.entity_type_name = 'seed' AND specialties.spec_name = 'NONE' AND facility_types.fac_type_name = 'UNDEFINED';
INSERT INTO test_orders (panel_id, tp_id, entity_type_id, entity_id, spec_id, order_val, hide) SELECT panels.panel_id, tp_id, entity_type_id, 0, specialties.spec_id, 5002, false FROM panels, tests_problems, entity_types, specialties, facility_types WHERE panels.panel_name = 'Liver' AND tests_problems.loinc_num = '1742-6' AND tests_problems.snomed_cid = '44054006' AND tests_problems.panel_id = panels.panel_id AND tests_problems.spec_id = specialties.spec_id AND tests_problems.fac_type_id = facility_types.fac_type_id AND entity_types.entity_type_name = 'seed' AND specialties.spec_name = 'NONE' AND facility_types.fac_type_name = 'UNDEFINED';
INSERT INTO test_orders (panel_id, tp_id, entity_type_id, entity_id, spec_id, order_val, hide) SELECT panels.panel_id, tp_id, entity_type_id, 0, specialties.spec_id, 5003, false FROM panels, tests_problems, entity_types, specialties, facility_types WHERE panels.panel_name = 'Liver' AND tests_problems.loinc_num = '1920-8' AND tests_problems.snomed_cid = '44054006' AND tests_problems.panel_id = panels.panel_id AND tests_problems.spec_id = specialties.spec_id AND tests_problems.fac_type_id = facility_types.fac_type_id AND entity_types.entity_type_name = 'seed' AND specialties.spec_name = 'NONE' AND facility_types.fac_type_name = 'UNDEFINED';
INSERT INTO test_orders (panel_id, tp_id, entity_type_id, entity_id, spec_id, order_val, hide) SELECT panels.panel_id, tp_id, entity_type_id, 0, specialties.spec_id, 5008, false FROM panels, tests_problems, entity_types, specialties, facility_types WHERE panels.panel_name = 'Urine' AND tests_problems.loinc_num = '5792-7' AND tests_problems.snomed_cid = '44054006' AND tests_problems.panel_id = panels.panel_id AND tests_problems.spec_id = specialties.spec_id AND tests_problems.fac_type_id = facility_types.fac_type_id AND entity_types.entity_type_name = 'seed' AND specialties.spec_name = 'NONE' AND facility_types.fac_type_name = 'UNDEFINED';
INSERT INTO test_orders (panel_id, tp_id, entity_type_id, entity_id, spec_id, order_val, hide) SELECT panels.panel_id, tp_id, entity_type_id, 0, specialties.spec_id, 5012, false FROM panels, tests_problems, entity_types, specialties, facility_types WHERE panels.panel_name = 'Urine' AND tests_problems.loinc_num = '33903-6' AND tests_problems.snomed_cid = '44054006' AND tests_problems.panel_id = panels.panel_id AND tests_problems.spec_id = specialties.spec_id AND tests_problems.fac_type_id = facility_types.fac_type_id AND entity_types.entity_type_name = 'seed' AND specialties.spec_name = 'NONE' AND facility_types.fac_type_name = 'UNDEFINED';
INSERT INTO test_orders (panel_id, tp_id, entity_type_id, entity_id, spec_id, order_val, hide) SELECT panels.panel_id, tp_id, entity_type_id, 0, specialties.spec_id, 5014, false FROM panels, tests_problems, entity_types, specialties, facility_types WHERE panels.panel_name = 'Urine' AND tests_problems.loinc_num = '58431-8' AND tests_problems.snomed_cid = '44054006' AND tests_problems.panel_id = panels.panel_id AND tests_problems.spec_id = specialties.spec_id AND tests_problems.fac_type_id = facility_types.fac_type_id AND entity_types.entity_type_name = 'seed' AND specialties.spec_name = 'NONE' AND facility_types.fac_type_name = 'UNDEFINED';
INSERT INTO test_orders (panel_id, tp_id, entity_type_id, entity_id, spec_id, order_val, hide) SELECT panels.panel_id, tp_id, entity_type_id, 0, specialties.spec_id, 5020, false FROM panels, tests_problems, entity_types, specialties, facility_types WHERE panels.panel_name = 'Urine' AND tests_problems.loinc_num = '5804-0' AND tests_problems.snomed_cid = '44054006' AND tests_problems.panel_id = panels.panel_id AND tests_problems.spec_id = specialties.spec_id AND tests_problems.fac_type_id = facility_types.fac_type_id AND entity_types.entity_type_name = 'seed' AND specialties.spec_name = 'NONE' AND facility_types.fac_type_name = 'UNDEFINED';
INSERT INTO test_orders (panel_id, tp_id, entity_type_id, entity_id, spec_id, order_val, hide) SELECT panels.panel_id, tp_id, entity_type_id, 0, specialties.spec_id, 5021, false FROM panels, tests_problems, entity_types, specialties, facility_types WHERE panels.panel_name = 'Urine' AND tests_problems.loinc_num = '5811-5' AND tests_problems.snomed_cid = '44054006' AND tests_problems.panel_id = panels.panel_id AND tests_problems.spec_id = specialties.spec_id AND tests_problems.fac_type_id = facility_types.fac_type_id AND entity_types.entity_type_name = 'seed' AND specialties.spec_name = 'NONE' AND facility_types.fac_type_name = 'UNDEFINED';
INSERT INTO test_orders (panel_id, tp_id, entity_type_id, entity_id, spec_id, order_val, hide) SELECT panels.panel_id, tp_id, entity_type_id, 0, specialties.spec_id, 5001, false FROM panels, tests_problems, entity_types, specialties, facility_types WHERE panels.panel_name = 'Respiratory' AND tests_problems.loinc_num = '41935-8' AND tests_problems.snomed_cid = '195967001' AND tests_problems.panel_id = panels.panel_id AND tests_problems.spec_id = specialties.spec_id AND tests_problems.fac_type_id = facility_types.fac_type_id AND entity_types.entity_type_name = 'seed' AND specialties.spec_name = 'NONE' AND facility_types.fac_type_name = 'UNDEFINED';
INSERT INTO test_orders (panel_id, tp_id, entity_type_id, entity_id, spec_id, order_val, hide) SELECT panels.panel_id, tp_id, entity_type_id, 0, specialties.spec_id, 5002, false FROM panels, tests_problems, entity_types, specialties, facility_types WHERE panels.panel_name = 'Respiratory' AND tests_problems.loinc_num = '' AND tests_problems.snomed_cid = '195967001' AND tests_problems.panel_id = panels.panel_id AND tests_problems.spec_id = specialties.spec_id AND tests_problems.fac_type_id = facility_types.fac_type_id AND entity_types.entity_type_name = 'seed' AND specialties.spec_name = 'NONE' AND facility_types.fac_type_name = 'UNDEFINED';
INSERT INTO test_orders (panel_id, tp_id, entity_type_id, entity_id, spec_id, order_val, hide) SELECT panels.panel_id, tp_id, entity_type_id, 0, specialties.spec_id, 5003, false FROM panels, tests_problems, entity_types, specialties, facility_types WHERE panels.panel_name = 'Respiratory' AND tests_problems.loinc_num = '71850-2' AND tests_problems.snomed_cid = '195967001' AND tests_problems.panel_id = panels.panel_id AND tests_problems.spec_id = specialties.spec_id AND tests_problems.fac_type_id = facility_types.fac_type_id AND entity_types.entity_type_name = 'seed' AND specialties.spec_name = 'NONE' AND facility_types.fac_type_name = 'UNDEFINED';
INSERT INTO test_orders (panel_id, tp_id, entity_type_id, entity_id, spec_id, order_val, hide) SELECT panels.panel_id, tp_id, entity_type_id, 0, specialties.spec_id, 5004, false FROM panels, tests_problems, entity_types, specialties, facility_types WHERE panels.panel_name = 'Respiratory' AND tests_problems.loinc_num = '19868-9' AND tests_problems.snomed_cid = '195967001' AND tests_problems.panel_id = panels.panel_id AND tests_problems.spec_id = specialties.spec_id AND tests_problems.fac_type_id = facility_types.fac_type_id AND entity_types.entity_type_name = 'seed' AND specialties.spec_name = 'NONE' AND facility_types.fac_type_name = 'UNDEFINED';
INSERT INTO test_orders (panel_id, tp_id, entity_type_id, entity_id, spec_id, order_val, hide) SELECT panels.panel_id, tp_id, entity_type_id, 0, specialties.spec_id, 5005, false FROM panels, tests_problems, entity_types, specialties, facility_types WHERE panels.panel_name = 'Respiratory' AND tests_problems.loinc_num = '20142-6' AND tests_problems.snomed_cid = '195967001' AND tests_problems.panel_id = panels.panel_id AND tests_problems.spec_id = specialties.spec_id AND tests_problems.fac_type_id = facility_types.fac_type_id AND entity_types.entity_type_name = 'seed' AND specialties.spec_name = 'NONE' AND facility_types.fac_type_name = 'UNDEFINED';
INSERT INTO test_orders (panel_id, tp_id, entity_type_id, entity_id, spec_id, order_val, hide) SELECT panels.panel_id, tp_id, entity_type_id, 0, specialties.spec_id, 5006, false FROM panels, tests_problems, entity_types, specialties, facility_types WHERE panels.panel_name = 'Respiratory' AND tests_problems.loinc_num = '19926-5' AND tests_problems.snomed_cid = '195967001' AND tests_problems.panel_id = panels.panel_id AND tests_problems.spec_id = specialties.spec_id AND tests_problems.fac_type_id = facility_types.fac_type_id AND entity_types.entity_type_name = 'seed' AND specialties.spec_name = 'NONE' AND facility_types.fac_type_name = 'UNDEFINED';
INSERT INTO test_orders (panel_id, tp_id, entity_type_id, entity_id, spec_id, order_val, hide) SELECT panels.panel_id, tp_id, entity_type_id, 0, specialties.spec_id, 5007, false FROM panels, tests_problems, entity_types, specialties, facility_types WHERE panels.panel_name = 'Respiratory' AND tests_problems.loinc_num = '' AND tests_problems.snomed_cid = '195967001' AND tests_problems.panel_id = panels.panel_id AND tests_problems.spec_id = specialties.spec_id AND tests_problems.fac_type_id = facility_types.fac_type_id AND entity_types.entity_type_name = 'seed' AND specialties.spec_name = 'NONE' AND facility_types.fac_type_name = 'UNDEFINED';
INSERT INTO test_orders (panel_id, tp_id, entity_type_id, entity_id, spec_id, order_val, hide) SELECT panels.panel_id, tp_id, entity_type_id, 0, specialties.spec_id, 5001, false FROM panels, tests_problems, entity_types, specialties, facility_types WHERE panels.panel_name = 'Hematology' AND tests_problems.loinc_num = '718-7' AND tests_problems.snomed_cid = '195967001' AND tests_problems.panel_id = panels.panel_id AND tests_problems.spec_id = specialties.spec_id AND tests_problems.fac_type_id = facility_types.fac_type_id AND entity_types.entity_type_name = 'seed' AND specialties.spec_name = 'NONE' AND facility_types.fac_type_name = 'UNDEFINED';
INSERT INTO test_orders (panel_id, tp_id, entity_type_id, entity_id, spec_id, order_val, hide) SELECT panels.panel_id, tp_id, entity_type_id, 0, specialties.spec_id, 5002, false FROM panels, tests_problems, entity_types, specialties, facility_types WHERE panels.panel_name = 'Hematology' AND tests_problems.loinc_num = '20509-6' AND tests_problems.snomed_cid = '195967001' AND tests_problems.panel_id = panels.panel_id AND tests_problems.spec_id = specialties.spec_id AND tests_problems.fac_type_id = facility_types.fac_type_id AND entity_types.entity_type_name = 'seed' AND specialties.spec_name = 'NONE' AND facility_types.fac_type_name = 'UNDEFINED';
INSERT INTO test_orders (panel_id, tp_id, entity_type_id, entity_id, spec_id, order_val, hide) SELECT panels.panel_id, tp_id, entity_type_id, 0, specialties.spec_id, 5003, false FROM panels, tests_problems, entity_types, specialties, facility_types WHERE panels.panel_name = 'Hematology' AND tests_problems.loinc_num = '4544-3' AND tests_problems.snomed_cid = '195967001' AND tests_problems.panel_id = panels.panel_id AND tests_problems.spec_id = specialties.spec_id AND tests_problems.fac_type_id = facility_types.fac_type_id AND entity_types.entity_type_name = 'seed' AND specialties.spec_name = 'NONE' AND facility_types.fac_type_name = 'UNDEFINED';
INSERT INTO test_orders (panel_id, tp_id, entity_type_id, entity_id, spec_id, order_val, hide) SELECT panels.panel_id, tp_id, entity_type_id, 0, specialties.spec_id, 5004, false FROM panels, tests_problems, entity_types, specialties, facility_types WHERE panels.panel_name = 'Hematology' AND tests_problems.loinc_num = '20570-8' AND tests_problems.snomed_cid = '195967001' AND tests_problems.panel_id = panels.panel_id AND tests_problems.spec_id = specialties.spec_id AND tests_problems.fac_type_id = facility_types.fac_type_id AND entity_types.entity_type_name = 'seed' AND specialties.spec_name = 'NONE' AND facility_types.fac_type_name = 'UNDEFINED';
INSERT INTO test_orders (panel_id, tp_id, entity_type_id, entity_id, spec_id, order_val, hide) SELECT panels.panel_id, tp_id, entity_type_id, 0, specialties.spec_id, 5005, false FROM panels, tests_problems, entity_types, specialties, facility_types WHERE panels.panel_name = 'Hematology' AND tests_problems.loinc_num = '31100-1' AND tests_problems.snomed_cid = '195967001' AND tests_problems.panel_id = panels.panel_id AND tests_problems.spec_id = specialties.spec_id AND tests_problems.fac_type_id = facility_types.fac_type_id AND entity_types.entity_type_name = 'seed' AND specialties.spec_name = 'NONE' AND facility_types.fac_type_name = 'UNDEFINED';
INSERT INTO test_orders (panel_id, tp_id, entity_type_id, entity_id, spec_id, order_val, hide) SELECT panels.panel_id, tp_id, entity_type_id, 0, specialties.spec_id, 5013, false FROM panels, tests_problems, entity_types, specialties, facility_types WHERE panels.panel_name = 'Chem Panel (Ser/Plas/Bld)' AND tests_problems.loinc_num = '2951-2' AND tests_problems.snomed_cid = '195967001' AND tests_problems.panel_id = panels.panel_id AND tests_problems.spec_id = specialties.spec_id AND tests_problems.fac_type_id = facility_types.fac_type_id AND entity_types.entity_type_name = 'seed' AND specialties.spec_name = 'NONE' AND facility_types.fac_type_name = 'UNDEFINED';
INSERT INTO test_orders (panel_id, tp_id, entity_type_id, entity_id, spec_id, order_val, hide) SELECT panels.panel_id, tp_id, entity_type_id, 0, specialties.spec_id, 5015, false FROM panels, tests_problems, entity_types, specialties, facility_types WHERE panels.panel_name = 'Chem Panel (Ser/Plas/Bld)' AND tests_problems.loinc_num = '2823-3' AND tests_problems.snomed_cid = '195967001' AND tests_problems.panel_id = panels.panel_id AND tests_problems.spec_id = specialties.spec_id AND tests_problems.fac_type_id = facility_types.fac_type_id AND entity_types.entity_type_name = 'seed' AND specialties.spec_name = 'NONE' AND facility_types.fac_type_name = 'UNDEFINED';
INSERT INTO test_orders (panel_id, tp_id, entity_type_id, entity_id, spec_id, order_val, hide) SELECT panels.panel_id, tp_id, entity_type_id, 0, specialties.spec_id, 5017, false FROM panels, tests_problems, entity_types, specialties, facility_types WHERE panels.panel_name = 'Chem Panel (Ser/Plas/Bld)' AND tests_problems.loinc_num = '2028-9' AND tests_problems.snomed_cid = '195967001' AND tests_problems.panel_id = panels.panel_id AND tests_problems.spec_id = specialties.spec_id AND tests_problems.fac_type_id = facility_types.fac_type_id AND entity_types.entity_type_name = 'seed' AND specialties.spec_name = 'NONE' AND facility_types.fac_type_name = 'UNDEFINED';
INSERT INTO test_orders (panel_id, tp_id, entity_type_id, entity_id, spec_id, order_val, hide) SELECT panels.panel_id, tp_id, entity_type_id, 0, specialties.spec_id, 5021, false FROM panels, tests_problems, entity_types, specialties, facility_types WHERE panels.panel_name = 'Chem Panel (Ser/Plas/Bld)' AND tests_problems.loinc_num = '2075-0' AND tests_problems.snomed_cid = '195967001' AND tests_problems.panel_id = panels.panel_id AND tests_problems.spec_id = specialties.spec_id AND tests_problems.fac_type_id = facility_types.fac_type_id AND entity_types.entity_type_name = 'seed' AND specialties.spec_name = 'NONE' AND facility_types.fac_type_name = 'UNDEFINED';
INSERT INTO test_orders (panel_id, tp_id, entity_type_id, entity_id, spec_id, order_val, hide) SELECT panels.panel_id, tp_id, entity_type_id, 0, specialties.spec_id, 5023, false FROM panels, tests_problems, entity_types, specialties, facility_types WHERE panels.panel_name = 'Chem Panel (Ser/Plas/Bld)' AND tests_problems.loinc_num = '3094-0' AND tests_problems.snomed_cid = '195967001' AND tests_problems.panel_id = panels.panel_id AND tests_problems.spec_id = specialties.spec_id AND tests_problems.fac_type_id = facility_types.fac_type_id AND entity_types.entity_type_name = 'seed' AND specialties.spec_name = 'NONE' AND facility_types.fac_type_name = 'UNDEFINED';
INSERT INTO test_orders (panel_id, tp_id, entity_type_id, entity_id, spec_id, order_val, hide) SELECT panels.panel_id, tp_id, entity_type_id, 0, specialties.spec_id, 5025, false FROM panels, tests_problems, entity_types, specialties, facility_types WHERE panels.panel_name = 'Chem Panel (Ser/Plas/Bld)' AND tests_problems.loinc_num = '2160-0' AND tests_problems.snomed_cid = '195967001' AND tests_problems.panel_id = panels.panel_id AND tests_problems.spec_id = specialties.spec_id AND tests_problems.fac_type_id = facility_types.fac_type_id AND entity_types.entity_type_name = 'seed' AND specialties.spec_name = 'NONE' AND facility_types.fac_type_name = 'UNDEFINED';
INSERT INTO test_orders (panel_id, tp_id, entity_type_id, entity_id, spec_id, order_val, hide) SELECT panels.panel_id, tp_id, entity_type_id, 0, specialties.spec_id, 5001, false FROM panels, tests_problems, entity_types, specialties, facility_types WHERE panels.panel_name = 'Hematology' AND tests_problems.loinc_num = '718-7' AND tests_problems.snomed_cid = '40930008' AND tests_problems.panel_id = panels.panel_id AND tests_problems.spec_id = specialties.spec_id AND tests_problems.fac_type_id = facility_types.fac_type_id AND entity_types.entity_type_name = 'seed' AND specialties.spec_name = 'NONE' AND facility_types.fac_type_name = 'UNDEFINED';
INSERT INTO test_orders (panel_id, tp_id, entity_type_id, entity_id, spec_id, order_val, hide) SELECT panels.panel_id, tp_id, entity_type_id, 0, specialties.spec_id, 5002, false FROM panels, tests_problems, entity_types, specialties, facility_types WHERE panels.panel_name = 'Hematology' AND tests_problems.loinc_num = '20509-6' AND tests_problems.snomed_cid = '40930008' AND tests_problems.panel_id = panels.panel_id AND tests_problems.spec_id = specialties.spec_id AND tests_problems.fac_type_id = facility_types.fac_type_id AND entity_types.entity_type_name = 'seed' AND specialties.spec_name = 'NONE' AND facility_types.fac_type_name = 'UNDEFINED';
INSERT INTO test_orders (panel_id, tp_id, entity_type_id, entity_id, spec_id, order_val, hide) SELECT panels.panel_id, tp_id, entity_type_id, 0, specialties.spec_id, 5003, false FROM panels, tests_problems, entity_types, specialties, facility_types WHERE panels.panel_name = 'Hematology' AND tests_problems.loinc_num = '4544-3' AND tests_problems.snomed_cid = '40930008' AND tests_problems.panel_id = panels.panel_id AND tests_problems.spec_id = specialties.spec_id AND tests_problems.fac_type_id = facility_types.fac_type_id AND entity_types.entity_type_name = 'seed' AND specialties.spec_name = 'NONE' AND facility_types.fac_type_name = 'UNDEFINED';
INSERT INTO test_orders (panel_id, tp_id, entity_type_id, entity_id, spec_id, order_val, hide) SELECT panels.panel_id, tp_id, entity_type_id, 0, specialties.spec_id, 5004, false FROM panels, tests_problems, entity_types, specialties, facility_types WHERE panels.panel_name = 'Hematology' AND tests_problems.loinc_num = '20570-8' AND tests_problems.snomed_cid = '40930008' AND tests_problems.panel_id = panels.panel_id AND tests_problems.spec_id = specialties.spec_id AND tests_problems.fac_type_id = facility_types.fac_type_id AND entity_types.entity_type_name = 'seed' AND specialties.spec_name = 'NONE' AND facility_types.fac_type_name = 'UNDEFINED';
INSERT INTO test_orders (panel_id, tp_id, entity_type_id, entity_id, spec_id, order_val, hide) SELECT panels.panel_id, tp_id, entity_type_id, 0, specialties.spec_id, 5005, false FROM panels, tests_problems, entity_types, specialties, facility_types WHERE panels.panel_name = 'Hematology' AND tests_problems.loinc_num = '31100-1' AND tests_problems.snomed_cid = '40930008' AND tests_problems.panel_id = panels.panel_id AND tests_problems.spec_id = specialties.spec_id AND tests_problems.fac_type_id = facility_types.fac_type_id AND entity_types.entity_type_name = 'seed' AND specialties.spec_name = 'NONE' AND facility_types.fac_type_name = 'UNDEFINED';
INSERT INTO test_orders (panel_id, tp_id, entity_type_id, entity_id, spec_id, order_val, hide) SELECT panels.panel_id, tp_id, entity_type_id, 0, specialties.spec_id, 5013, false FROM panels, tests_problems, entity_types, specialties, facility_types WHERE panels.panel_name = 'Chem Panel (Ser/Plas/Bld)' AND tests_problems.loinc_num = '2951-2' AND tests_problems.snomed_cid = '40930008' AND tests_problems.panel_id = panels.panel_id AND tests_problems.spec_id = specialties.spec_id AND tests_problems.fac_type_id = facility_types.fac_type_id AND entity_types.entity_type_name = 'seed' AND specialties.spec_name = 'NONE' AND facility_types.fac_type_name = 'UNDEFINED';
INSERT INTO test_orders (panel_id, tp_id, entity_type_id, entity_id, spec_id, order_val, hide) SELECT panels.panel_id, tp_id, entity_type_id, 0, specialties.spec_id, 5015, false FROM panels, tests_problems, entity_types, specialties, facility_types WHERE panels.panel_name = 'Chem Panel (Ser/Plas/Bld)' AND tests_problems.loinc_num = '2823-3' AND tests_problems.snomed_cid = '40930008' AND tests_problems.panel_id = panels.panel_id AND tests_problems.spec_id = specialties.spec_id AND tests_problems.fac_type_id = facility_types.fac_type_id AND entity_types.entity_type_name = 'seed' AND specialties.spec_name = 'NONE' AND facility_types.fac_type_name = 'UNDEFINED';
INSERT INTO test_orders (panel_id, tp_id, entity_type_id, entity_id, spec_id, order_val, hide) SELECT panels.panel_id, tp_id, entity_type_id, 0, specialties.spec_id, 5017, false FROM panels, tests_problems, entity_types, specialties, facility_types WHERE panels.panel_name = 'Chem Panel (Ser/Plas/Bld)' AND tests_problems.loinc_num = '2028-9' AND tests_problems.snomed_cid = '40930008' AND tests_problems.panel_id = panels.panel_id AND tests_problems.spec_id = specialties.spec_id AND tests_problems.fac_type_id = facility_types.fac_type_id AND entity_types.entity_type_name = 'seed' AND specialties.spec_name = 'NONE' AND facility_types.fac_type_name = 'UNDEFINED';
INSERT INTO test_orders (panel_id, tp_id, entity_type_id, entity_id, spec_id, order_val, hide) SELECT panels.panel_id, tp_id, entity_type_id, 0, specialties.spec_id, 5021, false FROM panels, tests_problems, entity_types, specialties, facility_types WHERE panels.panel_name = 'Chem Panel (Ser/Plas/Bld)' AND tests_problems.loinc_num = '2075-0' AND tests_problems.snomed_cid = '40930008' AND tests_problems.panel_id = panels.panel_id AND tests_problems.spec_id = specialties.spec_id AND tests_problems.fac_type_id = facility_types.fac_type_id AND entity_types.entity_type_name = 'seed' AND specialties.spec_name = 'NONE' AND facility_types.fac_type_name = 'UNDEFINED';
INSERT INTO test_orders (panel_id, tp_id, entity_type_id, entity_id, spec_id, order_val, hide) SELECT panels.panel_id, tp_id, entity_type_id, 0, specialties.spec_id, 5023, false FROM panels, tests_problems, entity_types, specialties, facility_types WHERE panels.panel_name = 'Chem Panel (Ser/Plas/Bld)' AND tests_problems.loinc_num = '3094-0' AND tests_problems.snomed_cid = '40930008' AND tests_problems.panel_id = panels.panel_id AND tests_problems.spec_id = specialties.spec_id AND tests_problems.fac_type_id = facility_types.fac_type_id AND entity_types.entity_type_name = 'seed' AND specialties.spec_name = 'NONE' AND facility_types.fac_type_name = 'UNDEFINED';
INSERT INTO test_orders (panel_id, tp_id, entity_type_id, entity_id, spec_id, order_val, hide) SELECT panels.panel_id, tp_id, entity_type_id, 0, specialties.spec_id, 5025, false FROM panels, tests_problems, entity_types, specialties, facility_types WHERE panels.panel_name = 'Chem Panel (Ser/Plas/Bld)' AND tests_problems.loinc_num = '2160-0' AND tests_problems.snomed_cid = '40930008' AND tests_problems.panel_id = panels.panel_id AND tests_problems.spec_id = specialties.spec_id AND tests_problems.fac_type_id = facility_types.fac_type_id AND entity_types.entity_type_name = 'seed' AND specialties.spec_name = 'NONE' AND facility_types.fac_type_name = 'UNDEFINED';
INSERT INTO test_orders (panel_id, tp_id, entity_type_id, entity_id, spec_id, order_val, hide) SELECT panels.panel_id, tp_id, entity_type_id, 0, specialties.spec_id, 5001, false FROM panels, tests_problems, entity_types, specialties, facility_types WHERE panels.panel_name = 'Lipids' AND tests_problems.loinc_num = '2093-3' AND tests_problems.snomed_cid = '40930008' AND tests_problems.panel_id = panels.panel_id AND tests_problems.spec_id = specialties.spec_id AND tests_problems.fac_type_id = facility_types.fac_type_id AND entity_types.entity_type_name = 'seed' AND specialties.spec_name = 'NONE' AND facility_types.fac_type_name = 'UNDEFINED';
INSERT INTO test_orders (panel_id, tp_id, entity_type_id, entity_id, spec_id, order_val, hide) SELECT panels.panel_id, tp_id, entity_type_id, 0, specialties.spec_id, 5002, false FROM panels, tests_problems, entity_types, specialties, facility_types WHERE panels.panel_name = 'Lipids' AND tests_problems.loinc_num = '2085-9' AND tests_problems.snomed_cid = '40930008' AND tests_problems.panel_id = panels.panel_id AND tests_problems.spec_id = specialties.spec_id AND tests_problems.fac_type_id = facility_types.fac_type_id AND entity_types.entity_type_name = 'seed' AND specialties.spec_name = 'NONE' AND facility_types.fac_type_name = 'UNDEFINED';
INSERT INTO test_orders (panel_id, tp_id, entity_type_id, entity_id, spec_id, order_val, hide) SELECT panels.panel_id, tp_id, entity_type_id, 0, specialties.spec_id, 5003, false FROM panels, tests_problems, entity_types, specialties, facility_types WHERE panels.panel_name = 'Lipids' AND tests_problems.loinc_num = '18262-6' AND tests_problems.snomed_cid = '40930008' AND tests_problems.panel_id = panels.panel_id AND tests_problems.spec_id = specialties.spec_id AND tests_problems.fac_type_id = facility_types.fac_type_id AND entity_types.entity_type_name = 'seed' AND specialties.spec_name = 'NONE' AND facility_types.fac_type_name = 'UNDEFINED';
INSERT INTO test_orders (panel_id, tp_id, entity_type_id, entity_id, spec_id, order_val, hide) SELECT panels.panel_id, tp_id, entity_type_id, 0, specialties.spec_id, 5005, false FROM panels, tests_problems, entity_types, specialties, facility_types WHERE panels.panel_name = 'Lipids' AND tests_problems.loinc_num = '2571-8' AND tests_problems.snomed_cid = '40930008' AND tests_problems.panel_id = panels.panel_id AND tests_problems.spec_id = specialties.spec_id AND tests_problems.fac_type_id = facility_types.fac_type_id AND entity_types.entity_type_name = 'seed' AND specialties.spec_name = 'NONE' AND facility_types.fac_type_name = 'UNDEFINED';
INSERT INTO test_orders (panel_id, tp_id, entity_type_id, entity_id, spec_id, order_val, hide) SELECT panels.panel_id, tp_id, entity_type_id, 0, specialties.spec_id, 5001, false FROM panels, tests_problems, entity_types, specialties, facility_types WHERE panels.panel_name = 'Thyroid' AND tests_problems.loinc_num = '11580-8' AND tests_problems.snomed_cid = '40930008' AND tests_problems.panel_id = panels.panel_id AND tests_problems.spec_id = specialties.spec_id AND tests_problems.fac_type_id = facility_types.fac_type_id AND entity_types.entity_type_name = 'seed' AND specialties.spec_name = 'NONE' AND facility_types.fac_type_name = 'UNDEFINED';
INSERT INTO test_orders (panel_id, tp_id, entity_type_id, entity_id, spec_id, order_val, hide) SELECT panels.panel_id, tp_id, entity_type_id, 0, specialties.spec_id, 5003, false FROM panels, tests_problems, entity_types, specialties, facility_types WHERE panels.panel_name = 'Thyroid' AND tests_problems.loinc_num = '3051-0' AND tests_problems.snomed_cid = '40930008' AND tests_problems.panel_id = panels.panel_id AND tests_problems.spec_id = specialties.spec_id AND tests_problems.fac_type_id = facility_types.fac_type_id AND entity_types.entity_type_name = 'seed' AND specialties.spec_name = 'NONE' AND facility_types.fac_type_name = 'UNDEFINED';
INSERT INTO test_orders (panel_id, tp_id, entity_type_id, entity_id, spec_id, order_val, hide) SELECT panels.panel_id, tp_id, entity_type_id, 0, specialties.spec_id, 5005, false FROM panels, tests_problems, entity_types, specialties, facility_types WHERE panels.panel_name = 'Thyroid' AND tests_problems.loinc_num = '3024-7' AND tests_problems.snomed_cid = '40930008' AND tests_problems.panel_id = panels.panel_id AND tests_problems.spec_id = specialties.spec_id AND tests_problems.fac_type_id = facility_types.fac_type_id AND entity_types.entity_type_name = 'seed' AND specialties.spec_name = 'NONE' AND facility_types.fac_type_name = 'UNDEFINED';
INSERT INTO test_orders (panel_id, tp_id, entity_type_id, entity_id, spec_id, order_val, hide) SELECT panels.panel_id, tp_id, entity_type_id, 0, specialties.spec_id, 5006, false FROM panels, tests_problems, entity_types, specialties, facility_types WHERE panels.panel_name = 'Thyroid' AND tests_problems.loinc_num = '' AND tests_problems.snomed_cid = '40930008' AND tests_problems.panel_id = panels.panel_id AND tests_problems.spec_id = specialties.spec_id AND tests_problems.fac_type_id = facility_types.fac_type_id AND entity_types.entity_type_name = 'seed' AND specialties.spec_name = 'NONE' AND facility_types.fac_type_name = 'UNDEFINED';
INSERT INTO test_orders (panel_id, tp_id, entity_type_id, entity_id, spec_id, order_val, hide) SELECT panels.panel_id, tp_id, entity_type_id, 0, specialties.spec_id, 5007, false FROM panels, tests_problems, entity_types, specialties, facility_types WHERE panels.panel_name = 'Thyroid' AND tests_problems.loinc_num = '' AND tests_problems.snomed_cid = '40930008' AND tests_problems.panel_id = panels.panel_id AND tests_problems.spec_id = specialties.spec_id AND tests_problems.fac_type_id = facility_types.fac_type_id AND entity_types.entity_type_name = 'seed' AND specialties.spec_name = 'NONE' AND facility_types.fac_type_name = 'UNDEFINED';
INSERT INTO test_orders (panel_id, tp_id, entity_type_id, entity_id, spec_id, order_val, hide) SELECT panels.panel_id, tp_id, entity_type_id, 0, specialties.spec_id, 5008, false FROM panels, tests_problems, entity_types, specialties, facility_types WHERE panels.panel_name = 'Thyroid' AND tests_problems.loinc_num = '' AND tests_problems.snomed_cid = '40930008' AND tests_problems.panel_id = panels.panel_id AND tests_problems.spec_id = specialties.spec_id AND tests_problems.fac_type_id = facility_types.fac_type_id AND entity_types.entity_type_name = 'seed' AND specialties.spec_name = 'NONE' AND facility_types.fac_type_name = 'UNDEFINED';
INSERT INTO test_orders (panel_id, tp_id, entity_type_id, entity_id, spec_id, order_val, hide) SELECT panels.panel_id, tp_id, entity_type_id, 0, specialties.spec_id, 5009, false FROM panels, tests_problems, entity_types, specialties, facility_types WHERE panels.panel_name = 'Thyroid' AND tests_problems.loinc_num = '32215-6' AND tests_problems.snomed_cid = '40930008' AND tests_problems.panel_id = panels.panel_id AND tests_problems.spec_id = specialties.spec_id AND tests_problems.fac_type_id = facility_types.fac_type_id AND entity_types.entity_type_name = 'seed' AND specialties.spec_name = 'NONE' AND facility_types.fac_type_name = 'UNDEFINED';
INSERT INTO test_orders (panel_id, tp_id, entity_type_id, entity_id, spec_id, order_val, hide) SELECT panels.panel_id, tp_id, entity_type_id, 0, specialties.spec_id, 5001, false FROM panels, tests_problems, entity_types, specialties, facility_types WHERE panels.panel_name = 'Hematology' AND tests_problems.loinc_num = '718-7' AND tests_problems.snomed_cid = '271737000' AND tests_problems.panel_id = panels.panel_id AND tests_problems.spec_id = specialties.spec_id AND tests_problems.fac_type_id = facility_types.fac_type_id AND entity_types.entity_type_name = 'seed' AND specialties.spec_name = 'NONE' AND facility_types.fac_type_name = 'UNDEFINED';
INSERT INTO test_orders (panel_id, tp_id, entity_type_id, entity_id, spec_id, order_val, hide) SELECT panels.panel_id, tp_id, entity_type_id, 0, specialties.spec_id, 5002, false FROM panels, tests_problems, entity_types, specialties, facility_types WHERE panels.panel_name = 'Hematology' AND tests_problems.loinc_num = '20509-6' AND tests_problems.snomed_cid = '271737000' AND tests_problems.panel_id = panels.panel_id AND tests_problems.spec_id = specialties.spec_id AND tests_problems.fac_type_id = facility_types.fac_type_id AND entity_types.entity_type_name = 'seed' AND specialties.spec_name = 'NONE' AND facility_types.fac_type_name = 'UNDEFINED';
INSERT INTO test_orders (panel_id, tp_id, entity_type_id, entity_id, spec_id, order_val, hide) SELECT panels.panel_id, tp_id, entity_type_id, 0, specialties.spec_id, 5003, false FROM panels, tests_problems, entity_types, specialties, facility_types WHERE panels.panel_name = 'Hematology' AND tests_problems.loinc_num = '4544-3' AND tests_problems.snomed_cid = '271737000' AND tests_problems.panel_id = panels.panel_id AND tests_problems.spec_id = specialties.spec_id AND tests_problems.fac_type_id = facility_types.fac_type_id AND entity_types.entity_type_name = 'seed' AND specialties.spec_name = 'NONE' AND facility_types.fac_type_name = 'UNDEFINED';
INSERT INTO test_orders (panel_id, tp_id, entity_type_id, entity_id, spec_id, order_val, hide) SELECT panels.panel_id, tp_id, entity_type_id, 0, specialties.spec_id, 5004, false FROM panels, tests_problems, entity_types, specialties, facility_types WHERE panels.panel_name = 'Hematology' AND tests_problems.loinc_num = '20570-8' AND tests_problems.snomed_cid = '271737000' AND tests_problems.panel_id = panels.panel_id AND tests_problems.spec_id = specialties.spec_id AND tests_problems.fac_type_id = facility_types.fac_type_id AND entity_types.entity_type_name = 'seed' AND specialties.spec_name = 'NONE' AND facility_types.fac_type_name = 'UNDEFINED';
INSERT INTO test_orders (panel_id, tp_id, entity_type_id, entity_id, spec_id, order_val, hide) SELECT panels.panel_id, tp_id, entity_type_id, 0, specialties.spec_id, 5005, false FROM panels, tests_problems, entity_types, specialties, facility_types WHERE panels.panel_name = 'Hematology' AND tests_problems.loinc_num = '31100-1' AND tests_problems.snomed_cid = '271737000' AND tests_problems.panel_id = panels.panel_id AND tests_problems.spec_id = specialties.spec_id AND tests_problems.fac_type_id = facility_types.fac_type_id AND entity_types.entity_type_name = 'seed' AND specialties.spec_name = 'NONE' AND facility_types.fac_type_name = 'UNDEFINED';
INSERT INTO test_orders (panel_id, tp_id, entity_type_id, entity_id, spec_id, order_val, hide) SELECT panels.panel_id, tp_id, entity_type_id, 0, specialties.spec_id, 5006, false FROM panels, tests_problems, entity_types, specialties, facility_types WHERE panels.panel_name = 'Hematology' AND tests_problems.loinc_num = '789-8' AND tests_problems.snomed_cid = '271737000' AND tests_problems.panel_id = panels.panel_id AND tests_problems.spec_id = specialties.spec_id AND tests_problems.fac_type_id = facility_types.fac_type_id AND entity_types.entity_type_name = 'seed' AND specialties.spec_name = 'NONE' AND facility_types.fac_type_name = 'UNDEFINED';
INSERT INTO test_orders (panel_id, tp_id, entity_type_id, entity_id, spec_id, order_val, hide) SELECT panels.panel_id, tp_id, entity_type_id, 0, specialties.spec_id, 5007, false FROM panels, tests_problems, entity_types, specialties, facility_types WHERE panels.panel_name = 'Hematology' AND tests_problems.loinc_num = '30428-7' AND tests_problems.snomed_cid = '271737000' AND tests_problems.panel_id = panels.panel_id AND tests_problems.spec_id = specialties.spec_id AND tests_problems.fac_type_id = facility_types.fac_type_id AND entity_types.entity_type_name = 'seed' AND specialties.spec_name = 'NONE' AND facility_types.fac_type_name = 'UNDEFINED';
INSERT INTO test_orders (panel_id, tp_id, entity_type_id, entity_id, spec_id, order_val, hide) SELECT panels.panel_id, tp_id, entity_type_id, 0, specialties.spec_id, 5008, false FROM panels, tests_problems, entity_types, specialties, facility_types WHERE panels.panel_name = 'Hematology' AND tests_problems.loinc_num = '785-6' AND tests_problems.snomed_cid = '271737000' AND tests_problems.panel_id = panels.panel_id AND tests_problems.spec_id = specialties.spec_id AND tests_problems.fac_type_id = facility_types.fac_type_id AND entity_types.entity_type_name = 'seed' AND specialties.spec_name = 'NONE' AND facility_types.fac_type_name = 'UNDEFINED';
INSERT INTO test_orders (panel_id, tp_id, entity_type_id, entity_id, spec_id, order_val, hide) SELECT panels.panel_id, tp_id, entity_type_id, 0, specialties.spec_id, 5009, false FROM panels, tests_problems, entity_types, specialties, facility_types WHERE panels.panel_name = 'Hematology' AND tests_problems.loinc_num = '786-4' AND tests_problems.snomed_cid = '271737000' AND tests_problems.panel_id = panels.panel_id AND tests_problems.spec_id = specialties.spec_id AND tests_problems.fac_type_id = facility_types.fac_type_id AND entity_types.entity_type_name = 'seed' AND specialties.spec_name = 'NONE' AND facility_types.fac_type_name = 'UNDEFINED';
INSERT INTO test_orders (panel_id, tp_id, entity_type_id, entity_id, spec_id, order_val, hide) SELECT panels.panel_id, tp_id, entity_type_id, 0, specialties.spec_id, 5010, false FROM panels, tests_problems, entity_types, specialties, facility_types WHERE panels.panel_name = 'Hematology' AND tests_problems.loinc_num = '30385-9' AND tests_problems.snomed_cid = '271737000' AND tests_problems.panel_id = panels.panel_id AND tests_problems.spec_id = specialties.spec_id AND tests_problems.fac_type_id = facility_types.fac_type_id AND entity_types.entity_type_name = 'seed' AND specialties.spec_name = 'NONE' AND facility_types.fac_type_name = 'UNDEFINED';
INSERT INTO test_orders (panel_id, tp_id, entity_type_id, entity_id, spec_id, order_val, hide) SELECT panels.panel_id, tp_id, entity_type_id, 0, specialties.spec_id, 5017, false FROM panels, tests_problems, entity_types, specialties, facility_types WHERE panels.panel_name = 'Hematology' AND tests_problems.loinc_num = '4679-7' AND tests_problems.snomed_cid = '271737000' AND tests_problems.panel_id = panels.panel_id AND tests_problems.spec_id = specialties.spec_id AND tests_problems.fac_type_id = facility_types.fac_type_id AND entity_types.entity_type_name = 'seed' AND specialties.spec_name = 'NONE' AND facility_types.fac_type_name = 'UNDEFINED';
INSERT INTO test_orders (panel_id, tp_id, entity_type_id, entity_id, spec_id, order_val, hide) SELECT panels.panel_id, tp_id, entity_type_id, 0, specialties.spec_id, 5032, false FROM panels, tests_problems, entity_types, specialties, facility_types WHERE panels.panel_name = 'Hematology' AND tests_problems.loinc_num = '2498-4' AND tests_problems.snomed_cid = '271737000' AND tests_problems.panel_id = panels.panel_id AND tests_problems.spec_id = specialties.spec_id AND tests_problems.fac_type_id = facility_types.fac_type_id AND entity_types.entity_type_name = 'seed' AND specialties.spec_name = 'NONE' AND facility_types.fac_type_name = 'UNDEFINED';
INSERT INTO test_orders (panel_id, tp_id, entity_type_id, entity_id, spec_id, order_val, hide) SELECT panels.panel_id, tp_id, entity_type_id, 0, specialties.spec_id, 5033, false FROM panels, tests_problems, entity_types, specialties, facility_types WHERE panels.panel_name = 'Hematology' AND tests_problems.loinc_num = '2500-7' AND tests_problems.snomed_cid = '271737000' AND tests_problems.panel_id = panels.panel_id AND tests_problems.spec_id = specialties.spec_id AND tests_problems.fac_type_id = facility_types.fac_type_id AND entity_types.entity_type_name = 'seed' AND specialties.spec_name = 'NONE' AND facility_types.fac_type_name = 'UNDEFINED';
INSERT INTO test_orders (panel_id, tp_id, entity_type_id, entity_id, spec_id, order_val, hide) SELECT panels.panel_id, tp_id, entity_type_id, 0, specialties.spec_id, 5034, false FROM panels, tests_problems, entity_types, specialties, facility_types WHERE panels.panel_name = 'Hematology' AND tests_problems.loinc_num = '2501-5' AND tests_problems.snomed_cid = '271737000' AND tests_problems.panel_id = panels.panel_id AND tests_problems.spec_id = specialties.spec_id AND tests_problems.fac_type_id = facility_types.fac_type_id AND entity_types.entity_type_name = 'seed' AND specialties.spec_name = 'NONE' AND facility_types.fac_type_name = 'UNDEFINED';
INSERT INTO test_orders (panel_id, tp_id, entity_type_id, entity_id, spec_id, order_val, hide) SELECT panels.panel_id, tp_id, entity_type_id, 0, specialties.spec_id, 5035, false FROM panels, tests_problems, entity_types, specialties, facility_types WHERE panels.panel_name = 'Hematology' AND tests_problems.loinc_num = '2502-3' AND tests_problems.snomed_cid = '271737000' AND tests_problems.panel_id = panels.panel_id AND tests_problems.spec_id = specialties.spec_id AND tests_problems.fac_type_id = facility_types.fac_type_id AND entity_types.entity_type_name = 'seed' AND specialties.spec_name = 'NONE' AND facility_types.fac_type_name = 'UNDEFINED';
INSERT INTO test_orders (panel_id, tp_id, entity_type_id, entity_id, spec_id, order_val, hide) SELECT panels.panel_id, tp_id, entity_type_id, 0, specialties.spec_id, 5036, false FROM panels, tests_problems, entity_types, specialties, facility_types WHERE panels.panel_name = 'Hematology' AND tests_problems.loinc_num = '2276-4' AND tests_problems.snomed_cid = '271737000' AND tests_problems.panel_id = panels.panel_id AND tests_problems.spec_id = specialties.spec_id AND tests_problems.fac_type_id = facility_types.fac_type_id AND entity_types.entity_type_name = 'seed' AND specialties.spec_name = 'NONE' AND facility_types.fac_type_name = 'UNDEFINED';
INSERT INTO test_orders (panel_id, tp_id, entity_type_id, entity_id, spec_id, order_val, hide) SELECT panels.panel_id, tp_id, entity_type_id, 0, specialties.spec_id, 5013, false FROM panels, tests_problems, entity_types, specialties, facility_types WHERE panels.panel_name = 'Chem Panel (Ser/Plas/Bld)' AND tests_problems.loinc_num = '2951-2' AND tests_problems.snomed_cid = '271737000' AND tests_problems.panel_id = panels.panel_id AND tests_problems.spec_id = specialties.spec_id AND tests_problems.fac_type_id = facility_types.fac_type_id AND entity_types.entity_type_name = 'seed' AND specialties.spec_name = 'NONE' AND facility_types.fac_type_name = 'UNDEFINED';
INSERT INTO test_orders (panel_id, tp_id, entity_type_id, entity_id, spec_id, order_val, hide) SELECT panels.panel_id, tp_id, entity_type_id, 0, specialties.spec_id, 5015, false FROM panels, tests_problems, entity_types, specialties, facility_types WHERE panels.panel_name = 'Chem Panel (Ser/Plas/Bld)' AND tests_problems.loinc_num = '2823-3' AND tests_problems.snomed_cid = '271737000' AND tests_problems.panel_id = panels.panel_id AND tests_problems.spec_id = specialties.spec_id AND tests_problems.fac_type_id = facility_types.fac_type_id AND entity_types.entity_type_name = 'seed' AND specialties.spec_name = 'NONE' AND facility_types.fac_type_name = 'UNDEFINED';
INSERT INTO test_orders (panel_id, tp_id, entity_type_id, entity_id, spec_id, order_val, hide) SELECT panels.panel_id, tp_id, entity_type_id, 0, specialties.spec_id, 5017, false FROM panels, tests_problems, entity_types, specialties, facility_types WHERE panels.panel_name = 'Chem Panel (Ser/Plas/Bld)' AND tests_problems.loinc_num = '2028-9' AND tests_problems.snomed_cid = '271737000' AND tests_problems.panel_id = panels.panel_id AND tests_problems.spec_id = specialties.spec_id AND tests_problems.fac_type_id = facility_types.fac_type_id AND entity_types.entity_type_name = 'seed' AND specialties.spec_name = 'NONE' AND facility_types.fac_type_name = 'UNDEFINED';
INSERT INTO test_orders (panel_id, tp_id, entity_type_id, entity_id, spec_id, order_val, hide) SELECT panels.panel_id, tp_id, entity_type_id, 0, specialties.spec_id, 5021, false FROM panels, tests_problems, entity_types, specialties, facility_types WHERE panels.panel_name = 'Chem Panel (Ser/Plas/Bld)' AND tests_problems.loinc_num = '2075-0' AND tests_problems.snomed_cid = '271737000' AND tests_problems.panel_id = panels.panel_id AND tests_problems.spec_id = specialties.spec_id AND tests_problems.fac_type_id = facility_types.fac_type_id AND entity_types.entity_type_name = 'seed' AND specialties.spec_name = 'NONE' AND facility_types.fac_type_name = 'UNDEFINED';
INSERT INTO test_orders (panel_id, tp_id, entity_type_id, entity_id, spec_id, order_val, hide) SELECT panels.panel_id, tp_id, entity_type_id, 0, specialties.spec_id, 5023, false FROM panels, tests_problems, entity_types, specialties, facility_types WHERE panels.panel_name = 'Chem Panel (Ser/Plas/Bld)' AND tests_problems.loinc_num = '3094-0' AND tests_problems.snomed_cid = '271737000' AND tests_problems.panel_id = panels.panel_id AND tests_problems.spec_id = specialties.spec_id AND tests_problems.fac_type_id = facility_types.fac_type_id AND entity_types.entity_type_name = 'seed' AND specialties.spec_name = 'NONE' AND facility_types.fac_type_name = 'UNDEFINED';
INSERT INTO test_orders (panel_id, tp_id, entity_type_id, entity_id, spec_id, order_val, hide) SELECT panels.panel_id, tp_id, entity_type_id, 0, specialties.spec_id, 5025, false FROM panels, tests_problems, entity_types, specialties, facility_types WHERE panels.panel_name = 'Chem Panel (Ser/Plas/Bld)' AND tests_problems.loinc_num = '2160-0' AND tests_problems.snomed_cid = '271737000' AND tests_problems.panel_id = panels.panel_id AND tests_problems.spec_id = specialties.spec_id AND tests_problems.fac_type_id = facility_types.fac_type_id AND entity_types.entity_type_name = 'seed' AND specialties.spec_name = 'NONE' AND facility_types.fac_type_name = 'UNDEFINED';
INSERT INTO test_orders (panel_id, tp_id, entity_type_id, entity_id, spec_id, order_val, hide) SELECT panels.panel_id, tp_id, entity_type_id, 0, specialties.spec_id, 5026, false FROM panels, tests_problems, entity_types, specialties, facility_types WHERE panels.panel_name = 'Chem: Others' AND tests_problems.loinc_num = '2284-8' AND tests_problems.snomed_cid = '271737000' AND tests_problems.panel_id = panels.panel_id AND tests_problems.spec_id = specialties.spec_id AND tests_problems.fac_type_id = facility_types.fac_type_id AND entity_types.entity_type_name = 'seed' AND specialties.spec_name = 'NONE' AND facility_types.fac_type_name = 'UNDEFINED';
INSERT INTO test_orders (panel_id, tp_id, entity_type_id, entity_id, spec_id, order_val, hide) SELECT panels.panel_id, tp_id, entity_type_id, 0, specialties.spec_id, 5048, false FROM panels, tests_problems, entity_types, specialties, facility_types WHERE panels.panel_name = 'Chem: Others' AND tests_problems.loinc_num = '2132-9' AND tests_problems.snomed_cid = '271737000' AND tests_problems.panel_id = panels.panel_id AND tests_problems.spec_id = specialties.spec_id AND tests_problems.fac_type_id = facility_types.fac_type_id AND entity_types.entity_type_name = 'seed' AND specialties.spec_name = 'NONE' AND facility_types.fac_type_name = 'UNDEFINED';
INSERT INTO test_orders (panel_id, tp_id, entity_type_id, entity_id, spec_id, order_val, hide) SELECT panels.panel_id, tp_id, entity_type_id, 0, specialties.spec_id, 5001, false FROM panels, tests_problems, entity_types, specialties, facility_types WHERE panels.panel_name = 'Liver' AND tests_problems.loinc_num = '6768-6' AND tests_problems.snomed_cid = '271737000' AND tests_problems.panel_id = panels.panel_id AND tests_problems.spec_id = specialties.spec_id AND tests_problems.fac_type_id = facility_types.fac_type_id AND entity_types.entity_type_name = 'seed' AND specialties.spec_name = 'NONE' AND facility_types.fac_type_name = 'UNDEFINED';
INSERT INTO test_orders (panel_id, tp_id, entity_type_id, entity_id, spec_id, order_val, hide) SELECT panels.panel_id, tp_id, entity_type_id, 0, specialties.spec_id, 5002, false FROM panels, tests_problems, entity_types, specialties, facility_types WHERE panels.panel_name = 'Liver' AND tests_problems.loinc_num = '1742-6' AND tests_problems.snomed_cid = '271737000' AND tests_problems.panel_id = panels.panel_id AND tests_problems.spec_id = specialties.spec_id AND tests_problems.fac_type_id = facility_types.fac_type_id AND entity_types.entity_type_name = 'seed' AND specialties.spec_name = 'NONE' AND facility_types.fac_type_name = 'UNDEFINED';
INSERT INTO test_orders (panel_id, tp_id, entity_type_id, entity_id, spec_id, order_val, hide) SELECT panels.panel_id, tp_id, entity_type_id, 0, specialties.spec_id, 5003, false FROM panels, tests_problems, entity_types, specialties, facility_types WHERE panels.panel_name = 'Liver' AND tests_problems.loinc_num = '1920-8' AND tests_problems.snomed_cid = '271737000' AND tests_problems.panel_id = panels.panel_id AND tests_problems.spec_id = specialties.spec_id AND tests_problems.fac_type_id = facility_types.fac_type_id AND entity_types.entity_type_name = 'seed' AND specialties.spec_name = 'NONE' AND facility_types.fac_type_name = 'UNDEFINED';

COMMIT;
